id,heading,publisher,amplifiesdisadvantagedvoice,dispargesdisadvantaged,recognisesintersectionality,provideshumanexamples,focusesonsolutions,firstnations,racialminorities,women,children,youngpeople,unemployedorprecariouslyemployed,peoplewithdisabilitiesorchronichealthconditions,shelter,healthcare_health,familyrelations,violence,voice,work,crime_criminaljustice,inequality,prejudiceanddiscrimination_general
1,Migrant workers deserve state support,Fairfax,0.666666667,0,0,1,0.666666667,0,1,1,0,0,0,0,0,1,0,0,0,0,0,0,0
2,Celebrating the migrant mosaic,News,0.833333333,0.5,0,0,0.333333333,0,1,0,0,0,0,0,0,0,0,0,0,1,1,0,1
3,IT’S HOW CHINA WOULD REACT,News,0.5,1,0.5,0,0.333333333,0,1,0,0,0,0,0,0,1,0,0,0,0,0,0,1
4,Balance needed on new gig worker laws,Fairfax,0.166666667,0,0.5,0,0.666666667,0,1,0,0,1,0,1,0,0,0,0,0,0,0,0,0
5,Chinese Australians' key role in virus fight,Fairfax,0.5,0,0,0.5,0,0,1,0,0,0,0,0,0,0,0,1,0,0,1,0,1
6,Too soon to talk about silver linings?,Fairfax,0.5,0,0.5,0,0,0,1,0,0,0,0,0,1,0,1,1,0,0,0,0,0
7,Battle against power and glory,Fairfax,0.333333333,0,0,0.5,0.666666667,1,1,0,0,0,0,0,0,0,0,1,0,0,1,0,0
8,Bear of racism too easily roused,Fairfax,1,0,0,1,0.333333333,1,1,0,0,0,0,0,0,0,0,0,0,0,0,0,1
9,Black players a beacon of hope for kids,Fairfax,0.833333333,0,0,1,0.666666667,1,1,0,0,0,0,0,0,0,0,0,1,0,0,0,1
10,Pathfinder' is treading a fine line,Fairfax,1,0,0,1,0.333333333,1,1,0,0,0,0,0,0,0,0,0,0,0,1,0,0
11,"Policing is a service, not a force",Fairfax,0.666666667,1,0.5,1,0.666666667,1,1,0,0,0,0,0,0,0,0,0,0,0,0,0,1
12,The time has come for a reckoning,Fairfax,0.333333333,0,0,0,0.333333333,1,1,1,0,0,0,0,0,0,0,1,0,0,0,1,0
13,Time to heed cry for justice,Fairfax,0.833333333,0,1,1,0.666666667,1,1,0,0,0,0,0,0,0,0,0,0,0,1,0,1
14,Toppling statues challenges history,Fairfax,0.5,0,0.5,0,0.333333333,1,1,1,0,0,0,0,0,0,0,1,0,0,0,0,0
15,Here's why Black Lives Matter resonates,Others,0.5,0,0,0.5,0.333333333,1,1,0,0,0,0,0,0,0,0,0,1,0,1,0,1
16,Deadly gang hatred needs real response,News,0,1,0,0.5,0.333333333,0,1,0,0,1,0,0,0,0,0,1,0,0,1,0,0
17,Let’s tear it all down at the dawn of Great Awokening,News,0,1,0.5,0,0,0,1,0,0,0,0,0,0,0,0,0,0,0,0,1,0
18,POLITICS HAS DROWNED OUT THE DEATH OF A BLACK MAN,News,0.166666667,0.5,0.5,0,0.333333333,0,1,0,0,0,0,0,0,0,0,0,0,0,0,0,0
19,RACE PANIC GOES TO NEXT LEVEL,News,0.333333333,1,0,0.5,0,0,1,0,0,0,0,0,0,0,0,0,0,0,0,0,1
20,Spare me racism lectures from ABC,News,0.166666667,1,0,0,0,0,1,0,0,0,0,0,0,0,0,0,0,0,0,0,1
21,the Advertiser Hard times in US worsened by anarchy,News,0.166666667,0.5,0,0.5,0,0,1,0,0,0,0,0,0,0,0,1,0,1,1,0,0
22,The Advertiser Respect for all,News,0.666666667,0,0.5,0,0.333333333,0,1,0,0,0,0,0,0,0,0,1,0,0,0,0,1
23,"FROM BLACK LIVES TO SPORT, WE’RE HIGH ON INEQUALITY",News,0,1,0.5,0,0.333333333,1,1,1,0,0,0,0,0,0,0,0,0,0,1,0,0
24,NOW TAKE ACTION ON RACISM,News,0.333333333,1,0,0.5,1,1,1,0,0,0,0,0,0,0,0,0,0,0,1,0,1
25,Race hustle is powering up,News,0.833333333,1,0,0.5,0,1,1,0,0,0,0,0,0,0,0,0,0,0,0,0,0
26,Race politics spurs spread,News,0,1,0,0,0,1,1,0,0,0,0,0,0,0,0,0,0,0,0,0,0
27,The Advertiser SA Award winners show the best of us,News,0.666666667,0,0.5,0,0.333333333,1,1,1,0,0,0,1,0,0,0,1,1,1,0,0,1
28,TWIGGY DESCRIBES AN AUSTRALIA WE DON’T KNOW,News,0.666666667,0,0,0.5,0,1,1,0,0,0,0,0,0,0,0,1,0,0,0,0,1
29,WEAK GLORIFIED IN OUR CULTURE,News,0.166666667,1,0.5,0.5,0,1,1,1,0,0,0,0,0,1,0,0,1,0,0,0,1
30,"Clear, strong policies needed to take racism out of the game",Others,0.833333333,0,0,0.5,0.333333333,0,1,0,0,0,0,0,0,0,0,0,0,0,0,0,1
31,IR package favours business flexibility,Fairfax,0.166666667,0,0.5,0,0.666666667,0,0,1,0,0,0,0,0,0,0,0,0,1,1,0,0
32,Public housing tenants must be heeded,Fairfax,0.833333333,0,0.5,1,0.666666667,0,0,0,0,0,0,0,1,1,0,0,0,0,0,0,0
33,The people demand refugees be helped,Fairfax,0.5,0,0.5,1,1,0,0,0,0,0,0,0,0,1,0,0,0,0,0,0,0
34,Curfew must offer plan for those with no choice,Fairfax,0.333333333,0,1,0.5,0.666666667,1,0,0,0,1,0,0,1,0,1,1,0,0,0,0,0
35,How to fill the tradie skills gap: women,Fairfax,0.666666667,0,0.5,0,0.5,1,0,1,0,0,0,1,0,0,0,0,0,1,0,0,0
36,A blanket ban on phones in detention is unacceptable,Others,0.166666667,0,0,0.5,0.666666667,0,0,0,0,0,0,0,0,0,0,0,1,0,0,0,0
37,It's time to stop demonising the social security system,Others,0.166666667,0,0.5,0,1,0,0,0,0,1,1,0,1,0,0,0,0,0,0,0,0
38,"Breaking the culture of dependency, entitlement",News,0.333333333,0.5,0,0,0.666666667,0,0,0,0,0,0,1,0,0,0,0,0,0,0,0,0
39,Vulnerable need help in recovery,News,0.666666667,0,1,1,1,0,0,0,1,0,0,0,0,0,0,0,0,1,0,0,0
40,Culture and domestic violence,News,0.666666667,1,1,1,0.666666667,1,0,1,0,0,0,0,0,0,1,1,0,0,0,0,0
41,CULTURE TO BLAME FOR MUCH OF THIS FAMILY VIOLENCE,News,0.833333333,1,1,1,1,1,0,1,1,0,0,0,0,0,1,1,0,0,1,0,0
42,One word makes a difference,News,1,0.5,0.5,0,0.333333333,1,0,0,0,0,0,0,0,0,0,0,0,0,0,0,0
43,A national health problem tougher than COVID-19,Fairfax,0.5,0,0,1,0.333333333,0,0,0,0,0,0,0,0,0,0,1,1,0,0,0,0
44,A paedophile supporter gets OA award,Fairfax,1,0,0,0,0.333333333,0,0,1,0,0,0,0,0,0,0,1,0,0,0,0,0
45,A strong message on youth detention,Fairfax,0.5,0,0,0,0.333333333,0,0,0,1,0,0,0,0,0,0,1,0,0,1,0,0
46,Action on ambulance claims took far too long,Fairfax,0.666666667,0,0,0.5,1,0,0,1,0,0,0,0,0,0,0,1,0,0,1,0,1
47,All areas of sport need more women,Fairfax,0.666666667,0,0.5,0.5,0.666666667,0,0,1,0,1,0,0,0,0,0,0,1,1,0,1,0
48,Ardern's catch of the day: her partner's support,Fairfax,1,0,0.5,1,0.666666667,0,0,1,0,1,0,0,0,0,0,0,1,1,0,0,0
49,Arndt's Order of Australia demeans the awards,Fairfax,1,0,0,0,0.333333333,0,0,1,0,0,0,0,0,0,0,1,0,0,0,0,0
50,Be alert and alarmed about boys' role models,Fairfax,1,0.5,0,1,1,0,0,1,1,0,0,0,0,0,0,1,0,0,0,0,0
51,Bettina Arndt should return Order of Australia,Fairfax,0.5,0.5,0,0.5,0.333333333,0,0,1,1,0,0,0,0,0,1,1,0,0,0,0,0
52,Big donations reap sweet rewards,Fairfax,0.333333333,0,0.5,0.5,0.666666667,0,0,0,0,0,0,1,0,0,0,0,0,0,0,0,0
53,Breaking a vicious cycle,Fairfax,0.5,1,0.5,1,0,0,0,1,1,0,0,0,0,0,1,1,0,0,0,0,0
54,Bringing judges who behave badly to account,Fairfax,0.833333333,0,0.5,1,1,0,0,1,0,0,0,0,0,0,0,1,0,0,0,0,0
55,Budget a missed opportunity on sensitive issues,Fairfax,0,0,1,0,0.333333333,0,0,1,0,1,1,0,1,1,0,0,0,1,0,0,0
56,Challenges ahead on mental health,Fairfax,0,0,1,0,0.666666667,0,0,0,1,0,0,1,0,1,0,1,0,0,0,0,0
57,Continuing the fight for women's rights,Fairfax,1,0,0,1,1,0,0,1,0,0,0,0,0,0,0,0,0,0,0,1,1
58,Coronavirus risk more than biological,Fairfax,0.333333333,0,0,0.5,0.333333333,0,0,0,0,0,0,0,0,0,0,0,0,0,0,0,1
59,Courts need to get tougher on sex abuse,Fairfax,0.333333333,0,0,1,0.5,0,0,0,1,0,0,0,0,0,0,1,0,0,0,0,0
60,Dead hand of the state will be our JobKiller if we prolong it,Fairfax,0,0,0,0,0.666666667,0,0,0,0,0,1,0,0,0,0,0,0,1,0,1,0
61,"Depp, Heard and the deterrence factor",Fairfax,1,0,0,1,0.666666667,0,0,1,0,0,0,0,0,0,1,1,0,0,0,0,1
62,Disabled must not bear cost of hit to budget surplus,Fairfax,0.166666667,0,0,0,1,0,0,0,0,0,0,1,0,0,0,0,0,1,0,0,0
63,Don't play tricks with the NDIS,Fairfax,0,0,0,0,1,0,0,0,0,0,0,1,0,0,0,0,0,0,0,0,0
64,Everyone wins with new social housing,Fairfax,0.333333333,0,1,0,1,0,0,1,0,0,0,0,1,0,0,0,0,1,0,0,0
65,"Fierce, fabulous and flawed",Fairfax,0.833333333,1,0,1,0.333333333,0,0,1,0,0,0,0,0,0,0,1,0,1,1,1,0
66,Fiscal stimulus key to stem jobless increase,Fairfax,0.166666667,0.5,0.5,0,1,0,0,1,0,0,1,0,0,0,0,0,0,1,0,0,0
67,Former Liberal staffer laments her silence,Fairfax,1,0.5,0,0.5,0,0,0,1,0,0,0,0,0,0,0,0,0,0,0,0,1
68,Foundation for recovery comes at a bearable cost,Fairfax,0.166666667,0,0,0,1,0,0,0,0,1,1,0,0,0,0,0,0,1,0,0,0
69,From 'no case' to $1.2 billion settlement: How robo-debt scheme went so wrong,Fairfax,0.5,0,0.5,0,0.333333333,0,0,0,0,0,0,0,0,0,0,0,0,0,0,0,0
70,Good social housing needs more than millions,Fairfax,0.666666667,0,1,0,1,0,0,0,0,0,0,1,1,0,0,0,0,0,0,0,0
71,Here we go again - sacrificing the heart and soul of our city,Fairfax,0.166666667,0,0,0,0.666666667,0,0,0,1,0,0,0,1,0,0,0,0,0,0,0,0
72,Hidden figures mask jobs horror,Fairfax,0.166666667,0,0,0,0.666666667,0,0,0,0,0,1,0,0,0,0,0,0,0,0,0,0
73,I tried ice aged 63 and got addicted,Fairfax,1,0,0,1,1,0,0,0,0,0,0,0,0,0,0,0,0,0,1,0,1
74,"Investing in public housing, and lives",Fairfax,0.333333333,0,0,0,1,0,0,0,0,1,0,0,1,0,1,1,0,0,0,0,0
75,It's taken far too long to rectify robo-debt,Fairfax,0.666666667,0,0,0,0.666666667,0,0,0,0,0,0,0,0,0,0,0,0,0,1,0,1
76,Job path is an uphill struggle,Fairfax,1,0,1,0,1,0,0,1,0,1,0,0,0,0,0,0,0,1,0,0,0
77,Jobless sole parents face cash crux,Fairfax,0.333333333,0.5,1,0,0.666666667,0,0,1,0,0,1,0,0,0,1,0,0,1,0,0,0
78,Make visible to justice women's hidden hell,Fairfax,0.833333333,0,0,1,1,0,0,1,1,0,0,0,0,0,0,1,0,0,0,0,0
79,Male champions with an image problem,Fairfax,0.333333333,0,0,0,0.666666667,0,0,1,0,0,0,0,0,0,0,1,0,0,0,1,0
80,Missing middle' leaves too many in the dark,Fairfax,0,0.5,1,0.5,0.333333333,0,0,0,0,0,0,1,0,1,1,0,0,1,0,0,0
81,No Australian life is expendable,Fairfax,0,0,0.5,0,0.333333333,0,0,0,0,0,0,1,0,1,1,1,0,0,0,0,0
82,Older people's lives shouldn't count less,Fairfax,0.833333333,0,1,1,0.333333333,0,0,1,0,0,0,0,1,0,0,0,0,0,0,0,1
83,Patching over a culture problem,Fairfax,0.833333333,0,0,0,0.666666667,0,0,1,0,0,0,0,0,0,1,0,0,1,0,0,1
84,Paternity leave a path to equality,Fairfax,0.5,0,0,1,0.666666667,0,0,1,0,0,0,0,0,0,1,1,0,0,0,1,0
85,Pension for all? Seniors call to scrap means test,Fairfax,0.833333333,0,0,0.5,0.333333333,0,0,0,0,0,0,0,0,0,0,0,0,0,0,0,0
86,"Raise wages, help recovery",Fairfax,0.5,0,0,0,0.666666667,0,0,0,0,0,1,0,0,0,0,0,0,1,0,0,0
87,Reconciliation at heart of issue,Fairfax,0.833333333,0,0,0,0.333333333,0,0,0,0,0,0,0,0,0,0,0,1,0,0,0,0
88,Rising inequality can't be ignored,Fairfax,0.333333333,0,1,0,0.666666667,0,0,1,0,1,0,0,0,0,0,0,0,1,0,1,0
89,Ryan's optimism and vision sorely needed today,Fairfax,0.833333333,0,0.5,0.5,0.666666667,0,0,1,1,0,0,1,0,0,0,0,1,1,0,1,1
90,Shore challenges won't earn entry to adult world,Fairfax,0,0,1,1,0.333333333,0,0,1,0,1,0,0,0,0,0,1,0,0,1,0,0
91,Single parents now at risk of serious hardship,Fairfax,0.166666667,0,1,0.5,1,0,0,0,0,0,1,0,0,0,0,0,0,0,0,0,0
92,Slow and steady on post-virus cutbacks,Fairfax,0.166666667,0,0,0,0.333333333,0,0,0,0,0,1,0,0,0,0,0,0,1,0,0,0
93,So JobKeeper stays. Then what?,Fairfax,0.166666667,0,0,0,0.666666667,0,0,0,0,0,1,0,0,0,0,0,0,1,0,0,0
94,Social housing boost deserves praise,Fairfax,0.833333333,0,1,1,0.666666667,0,0,0,0,0,0,0,1,1,1,1,0,0,0,0,0
95,Staged return fails the test for HSC students,Fairfax,0.666666667,0,1,0,0.666666667,0,0,0,1,1,0,0,0,0,0,0,0,0,0,1,0
96,Terrific coach - may women succeed him,Fairfax,1,0,0,1,1,0,0,1,0,0,0,0,0,0,0,0,0,1,0,1,0
97,The good news on police and family violence,Fairfax,1,0,0,0.5,0.666666667,0,0,1,0,0,0,0,0,0,1,1,0,0,0,0,0
98,The great Australian betrayal,Fairfax,0,0,0,0,1,0,0,0,0,1,0,0,1,0,0,0,0,0,0,1,0
99,The hardest thing Morrison will ever do comes next,Fairfax,0.333333333,0,0,0,0,0,0,0,0,0,1,0,0,0,0,0,0,0,0,0,0
100,The planet's greatest human rights violation is men harming women,Fairfax,0.166666667,0,0,1,1,0,0,1,1,0,0,0,0,0,0,1,0,0,0,0,1
101,The rights older workers don't know they have,Fairfax,0.5,0,0.5,0,0.333333333,0,0,0,0,0,0,0,0,1,0,0,0,0,0,0,0
102,Timely moves to ease legal burden on abuse victims,Fairfax,0,0,0,0,0,0,0,0,1,0,0,0,0,0,0,1,0,0,0,0,0
103,Too much banking is bad for you,Fairfax,0.166666667,0,0,0,1,0,0,0,0,0,0,0,0,0,0,0,0,0,0,0,0
104,True leadership means not turning a blind eye,Fairfax,0.833333333,0,0,0,0,0,0,0,1,0,0,0,0,0,0,1,0,0,1,0,0
105,We have a lethal 'bloke blindspot',Fairfax,1,0,0.5,1,0.666666667,0,0,0,0,0,1,1,0,1,0,1,0,1,0,0,0
106,We must get our mojo working,Fairfax,0.166666667,0,0,0,0.666666667,0,0,0,0,0,0,0,1,0,0,0,0,0,0,0,0
107,We must get women back to work,Fairfax,0.833333333,0,0,0.5,1,0,0,1,0,0,0,0,0,0,1,0,0,1,0,0,0
108,Weinstein verdict is ultimately an unsatisfactory victory,Fairfax,1,0,0,0.5,0.666666667,0,0,1,0,0,0,0,0,0,0,1,0,0,0,0,0
109,Weinstein's lawyer gives the saddest defence of sexual assault,Fairfax,1,0.5,0,1,1,0,0,1,0,0,0,0,0,0,0,0,0,0,0,0,0
110,"Women are losing ground, not holding it",Fairfax,1,0,0.5,0,1,0,0,1,0,0,0,0,0,0,0,0,0,1,0,1,0
111,Women key to economic recovery,Fairfax,0.5,0,0,0.5,0.666666667,0,0,1,0,0,1,0,0,0,0,0,0,0,0,0,0
112,Words that hurt: What's in a name?,Fairfax,0.833333333,0.5,0,0.5,0,0,0,1,0,0,0,0,0,0,0,0,1,0,0,0,1
113,A signpost to Victoria's conflicted past,Fairfax,0.166666667,0,0,0,0,1,0,0,0,0,0,0,0,0,0,0,0,0,0,0,0
114,A special Sydney place shows why history matters,Fairfax,0.833333333,0,0,0,0.333333333,1,0,0,0,0,0,0,0,0,0,0,0,0,0,0,0
115,Anthem in Dharug nation-changing,Fairfax,0.833333333,0,0,0,0.333333333,1,0,0,0,0,0,0,0,0,0,0,0,0,0,0,0
116,Appointment reveals board's tin ear,Fairfax,0.5,0,0,0,0.333333333,1,0,0,0,0,0,0,0,0,0,0,0,0,0,0,0
117,Australia is not immune from US-style tension,Fairfax,0.5,0,0.5,0.5,1,1,0,0,1,0,0,0,0,1,0,1,0,0,1,0,0
118,Bad name for new airport won't fly,Fairfax,0.833333333,0,0,0,0.666666667,1,0,0,0,0,0,0,0,0,0,0,0,0,0,0,0
119,Band of brothers: Aboriginal men and veterans form an unlikely bond in the face of trauma,Fairfax,0.833333333,1,0.5,0.5,0.666666667,1,0,0,0,1,0,0,0,1,0,0,0,0,0,0,0
120,Cathy Freeman gave us more than gold,Fairfax,0.833333333,0,0.5,1,0,1,0,0,0,0,0,0,0,0,0,0,0,0,1,0,0
121,Chill wind blows around icons frozen in time,Fairfax,0.666666667,0,0,0,0.666666667,1,0,0,0,0,0,0,0,0,0,1,1,0,0,0,0
122,Closing the gap needs real reform,Fairfax,0.833333333,0,0,0,0.666666667,1,0,0,0,0,0,0,0,0,0,0,1,0,0,0,0
123,Cook events should carry Indigenous voice,Fairfax,0.666666667,0,0,0.5,0.333333333,1,0,0,0,0,0,0,0,0,0,0,1,0,0,0,0
124,Day of reckoning for the nation,Fairfax,1,0,0.5,1,0.333333333,1,0,0,0,0,0,0,0,0,0,0,0,0,0,0,1
125,Drug use not just an inner-city issue,Fairfax,0.166666667,0,1,0.5,0.666666667,1,0,0,0,0,0,1,0,0,0,0,0,0,0,0,0
126,Ensuring protesters tread a safe path,Fairfax,0.166666667,0,0,0,0.666666667,1,0,0,0,0,0,0,0,1,0,1,0,0,1,0,0
127,Equality doesn't apply in quarantine,Fairfax,0.5,0,0.5,0.5,0,1,0,1,0,0,0,0,0,0,0,0,0,0,1,1,0
128,First Peoples sing with one voice - at last the NRL hears,Fairfax,0.833333333,0,0,0.5,0.333333333,1,0,0,0,0,0,0,0,0,0,0,0,0,1,0,0
129,How to cut Indigenous prison rates - fast,Fairfax,0.5,0.5,1,0,0.666666667,1,0,0,0,1,0,0,0,1,0,0,0,0,1,0,0
130,"If you can't hear her, she'll work even harder",Fairfax,1,0,0,0.5,0.333333333,1,0,0,0,0,0,0,0,0,0,0,1,0,0,0,0
131,Indigenous women at high risk in crisis,Fairfax,0.833333333,0,1,0.5,1,1,0,1,1,0,0,0,1,1,1,1,0,0,0,0,1
132,Jailing is failing: Sydney doesn't need a new one,Fairfax,0.5,0,1,0,1,1,0,0,1,0,0,1,1,0,1,1,0,0,1,0,0
133,Missing the target,Fairfax,0.666666667,0,1,0,1,1,0,0,1,0,0,0,0,1,0,0,0,1,1,0,0
134,Navigating the tensions of the past,Fairfax,0.833333333,0,0,0.5,0.666666667,1,0,0,0,0,0,0,0,0,0,1,0,0,1,0,1
135,Need for accountability on robo-debt,Fairfax,0.5,0,1,0,1,1,0,0,0,0,1,0,0,0,0,0,0,0,0,0,0
136,New Closing the Gap agreement won't deliver,Fairfax,0.833333333,0,0,0.5,0.666666667,1,0,0,0,0,0,0,0,1,0,0,1,0,1,0,0
137,Public drunkenness is not a crime,Fairfax,0.5,0,1,1,1,1,0,0,0,0,0,1,0,0,0,0,0,0,1,0,0
138,Retirees have a right to enjoy the roses,Fairfax,0.5,0,1,0,0.333333333,1,0,1,0,0,0,0,0,1,0,0,0,1,0,0,0
139,The gaping hole that widens the gap: housing,Fairfax,0.833333333,0,1,0,1,1,0,0,1,1,0,0,1,1,0,0,0,0,0,0,0
140,"The law betrays the lore, so we'll destroy it again",Fairfax,0.666666667,0,0,0,0.666666667,1,0,0,0,0,0,0,0,0,0,0,0,0,0,0,0
141,"To close this shameful chasm, PM, first you'll need to hear our Voice",Fairfax,0.833333333,0,1,1,1,1,0,0,0,0,0,0,0,1,0,1,0,0,1,0,0
142,Tradition can take us forward,Fairfax,0.666666667,0,0,0.5,0.666666667,1,0,0,0,0,0,0,0,1,0,0,0,0,0,0,0
143,Traditional ways can take us forward,Fairfax,0.666666667,0,0,0.5,0.333333333,1,0,0,0,0,0,0,0,0,0,0,0,0,0,0,0
144,Unheard voices become riotous roars,Fairfax,1,0,0.5,0.5,0.666666667,1,0,1,1,0,0,0,0,0,0,0,0,0,1,0,0
145,Vincent Namatjira's win is a great Archibald story,Fairfax,1,0,0,0.5,0.333333333,1,0,0,0,0,0,0,0,0,0,0,0,1,0,0,1
146,Violence and death at end of long chain,Fairfax,0.833333333,0.5,1,0.5,0.666666667,1,0,1,1,0,0,0,0,1,0,0,0,1,0,0,0
147,We know what needs to be done,Fairfax,0.833333333,0,1,0.5,1,1,0,0,0,0,0,0,0,0,0,1,1,0,1,0,0
148,What it will take to make Black Lives Matter,Fairfax,0.833333333,0,0,0.5,1,1,0,0,0,0,0,0,0,1,0,0,0,0,1,0,1
149,Which team are you on with racism?,Fairfax,0.833333333,0,0.5,1,0.666666667,1,0,1,0,0,0,0,1,1,0,0,0,0,0,0,0
150,Wrestling with history of the victors,Fairfax,0.833333333,0,0,0.5,0.333333333,1,0,0,0,0,0,0,0,0,0,1,1,0,1,0,0
151,A real chance to address mental health,Others,0.166666667,0,1,0,1,0,0,0,0,0,0,1,0,1,0,0,0,0,0,0,0
152,Can we work towards a V-shaped educational recovery?,Others,0,0,1,0,0.666666667,0,0,0,0,0,0,0,0,0,0,0,0,0,0,0,0
153,Equal representation first step on path to necessary changes,Others,0.833333333,0,0,0.5,1,0,0,1,0,0,0,0,0,0,1,1,0,1,0,1,0
154,It's time for a royal commission,Others,1,0,0,0.5,1,0,0,1,1,0,0,0,0,0,1,1,0,0,0,0,0
155,Prison is rarely just about the time served,Others,0,0,1,0,0.333333333,0,0,0,0,0,1,1,1,0,0,0,0,1,0,0,0
156,This crash has hurt women most,Others,1,0,1,0.5,1,0,0,1,0,0,0,0,1,0,0,0,0,0,0,0,0
157,Who decides who gets the gongs?,Others,0.833333333,0,0,0,0.333333333,0,0,1,0,0,0,0,0,0,0,0,1,0,0,1,0
158,"Why do we blame the jobless, but not greedy CEOs?",Others,0.333333333,0,0,0,0.666666667,0,0,0,0,0,1,0,0,0,0,0,0,0,0,0,1
159,A better way than just locking up,Others,0.666666667,0,0.5,0,1,1,0,0,1,1,0,1,0,0,0,1,0,0,1,0,0
160,"As we reflect on Black Lives Matter, justice reinvestment shows there can be a better way",Others,0.6,0,1,0,0.666666667,1,0,0,0,0,0,0,0,0,0,0,0,0,1,0,0
161,Employment numbers don't stack up,Others,0.333333333,0,1,0,0.333333333,1,0,0,0,0,1,0,1,0,0,0,0,1,0,0,0
162,"If you want to put children first, register social workers",Others,0.166666667,0,1,1,0.333333333,1,0,0,1,0,0,0,0,0,1,1,0,0,0,0,0
163,Let's call it a wrap on the shocker of a year that was 2020,Others,0,0,0.5,0,0.666666667,1,0,0,0,0,1,0,0,0,0,1,0,0,1,0,0
164,Stop taking away Indigenous kids,Others,0.833333333,0,1,0.5,1,1,0,0,1,0,0,0,0,0,0,1,0,0,1,0,0
165,The time for a new future is here,Others,1,0,0,0.5,0.666666667,1,0,0,0,0,0,0,0,0,0,1,0,0,0,0,0
166,A jobs survey provides hope of a faster recovery,News,0.333333333,0,0,0,0.666666667,0,0,0,0,0,1,0,0,1,0,0,0,1,0,0,0
167,Albanese’s budget speech blues far from in the pink,News,0.333333333,0,0.5,0,0,0,0,1,0,0,0,0,1,0,1,0,0,1,0,0,0
168,"BALL IS IN PREMIERS’ COURT: WE MUST REOPEN, AND QUICKLY",News,0.166666667,0,0,0,1,0,0,0,0,0,1,0,0,0,0,0,0,1,0,0,0
169,BLEAK TIMES BLEAKER STILL FOR THE YOUNG,News,0,0,1,1,0.333333333,0,0,0,1,1,0,0,0,0,0,0,0,1,0,0,0
170,BLUE-COLLAR JOBS ARE WORTHY TOO,News,0,0,0.5,0,0.666666667,0,0,0,0,0,0,0,1,1,0,0,0,0,0,0,0
171,Compelling story shines a light,News,0.666666667,0,0,1,0.333333333,0,0,0,1,0,0,0,0,0,0,1,0,0,0,0,0
172,DEFECTS IN JOBS FOR ALL,News,0,0,0.5,0,0.333333333,0,0,0,0,1,0,0,0,0,0,0,0,1,0,0,0
173,EDITOR'S LETTER,News,0.833333333,0,0,1,0.333333333,0,0,1,0,0,0,0,0,0,0,0,0,1,0,1,1
174,Fairness is another casualty,News,0.5,0,0,0.5,0.666666667,0,0,0,0,0,1,0,0,0,0,0,0,1,1,1,0
175,Flattening curve while not obliterating our economy,News,0.166666667,0,0,0,0.666666667,0,0,0,0,0,1,0,0,0,0,0,0,0,0,0,0
176,GOLD-PLATED OPPORTUNITY IN OUR LITIGATION NATION,News,0.2,0,0,0,1,0,0,0,0,0,1,0,0,1,0,0,0,0,0,0,0
177,"Great in a crisis, Australia cannot lose it in recovery",News,0.333333333,0,0,0,0.333333333,0,0,0,0,0,1,0,0,0,0,0,0,1,0,0,0
178,Herald Sun,News,0,0,0,0,0.666666667,0,0,1,0,0,0,0,0,0,1,1,0,0,0,0,0
179,Herald Sun,News,0.666666667,0,0,0.5,0,0,0,0,0,0,0,1,0,0,0,0,0,0,0,0,1
180,HOW MUCH OF OUR VILLAGE DO WE BURN TO CONTAIN THIS?,News,0,0,0.5,0,0.333333333,0,0,0,0,0,1,0,0,1,0,0,0,1,0,0,0
181,IS SOCIAL HOUSING WORTH THE COST?,News,0.166666667,0,0,0,0.5,0,0,0,0,0,0,0,1,0,0,1,0,0,1,0,0
182,Learning harsh economic lessons during pandemic,News,0.166666667,0,1,0,1,0,0,0,1,0,0,1,0,0,0,0,0,0,0,1,0
183,Lives matter too much to be put at risk by protesters,News,0.5,0,1,0.5,0.666666667,0,0,0,0,0,0,0,0,1,0,1,0,0,1,0,0
184,MANAGE RISK FOR SOCIETY’S REWARD,News,0,0,0.5,0,1,0,0,0,0,0,0,1,0,1,0,0,0,0,0,0,0
185,ONLINE CHILD SEX ABUSE SHAMES US,News,0.166666667,0,0,0.5,1,0,0,0,1,0,0,0,0,0,0,1,0,0,0,0,0
186,PAYING UP WILL PAY OFF,News,0.166666667,0,0,0,0.666666667,0,0,0,0,0,1,0,0,0,0,0,0,1,0,0,1
187,PERHAPS OUR AGED-CARE SYSTEM IS NOT IN SO MUCH CRISIS,News,0.166666667,0,0,0,0.333333333,0,0,0,0,0,0,0,0,1,0,1,0,0,0,0,0
188,STREWTH,News,1,0,0,1,0,0,0,1,0,0,0,0,0,0,0,0,1,0,0,0,1
189,SUPER CHANCE FOR A POLICY RETHINK,News,0.166666667,0,0,0,0.333333333,0,0,0,0,0,0,0,0,0,0,0,0,0,0,0,0
190,Swans send message with Taylor stance,News,0,0,0,0.5,0.666666667,0,0,1,0,0,0,0,0,0,0,1,0,0,0,0,0
191,"The Advertiser A time for answers, not excuses",News,0,0,0,0.5,0.666666667,0,0,0,0,0,0,1,0,0,1,1,0,0,0,0,0
192,The Advertiser Celebrate AFLW,News,0.333333333,0,0,0.5,0.333333333,0,0,1,1,0,0,0,0,0,0,0,0,0,0,0,0
193,The Advertiser Find the facts to stop more awful deaths,News,0,0,0,1,0.666666667,0,0,0,0,0,0,1,0,0,0,1,0,0,1,0,0
194,The Advertiser Human face of terrible abandonment,News,0,0,0,1,0,0,0,0,0,0,0,1,0,1,1,1,0,0,0,0,0
195,The Advertiser Job figures drive home big challenge,News,0,0,0,0,0.333333333,0,0,0,0,0,1,0,0,0,0,0,0,1,0,0,0
196,The Advertiser Never turn a blind eye to violence,News,0.5,0,0,0.5,1,0,0,1,0,0,0,0,0,0,0,1,0,0,0,0,0
197,The Advertiser Take positive action to beat hidden crisis,News,0,0,0,0,1,0,0,0,0,0,0,0,0,1,1,1,0,0,0,0,0
198,THERE’S A CATCH WITH THE EQUAL PAY PITCH,News,0.666666667,1,0,0,0.333333333,0,0,1,0,0,0,0,0,0,0,0,0,1,0,1,0
199,Tiny wage is not a good look,News,0.333333333,0,1,0.5,1,0,0,1,0,0,0,0,0,0,0,0,0,1,0,0,0
200,TREASURER’S CREDIBILITY JUST WENT BACKWARDS BY $60BN,News,0.333333333,0,0.5,0.5,1,0,0,0,0,0,1,0,0,0,0,0,0,0,0,0,1
201,VIOLENCE MESSAGE IS ALL TALK,News,0.5,0,0,1,0.666666667,0,0,1,0,0,0,0,0,0,0,1,0,0,0,0,0
202,"Wake up, Australia, there will be no easy snapback",News,0,0,0,0,1,0,0,0,0,1,1,0,0,0,0,0,0,1,0,0,0
203,A squabble about indigenous identity has brought one of the key participants undone,News,0.833333333,0,0,0.5,0,1,0,0,0,0,0,0,0,1,0,0,0,0,0,0,0
204,A voice for First Nations should be beyond the reach of the judiciary,News,0.833333333,0,0,0,0.333333333,1,0,0,0,0,0,0,0,0,0,0,1,0,1,0,0
205,ABC IGNORES RACE TRUTHS,News,0.666666667,1,0,0,0.333333333,1,0,0,0,0,0,0,0,0,0,1,0,0,0,0,0
206,Abuse in WA must be stopped,News,1,0.5,1,1,0.666666667,1,0,0,1,0,0,0,0,0,1,1,0,0,1,0,0
207,Activist High Court takes nation into tricky territory,News,0.5,0.5,0,0,0.333333333,1,0,0,0,0,0,0,0,0,0,0,0,0,0,0,0
208,Activist majority’s alien view of judicial power,News,0,0,0,0,0,1,0,0,0,0,0,0,0,0,0,0,0,0,0,1,0
209,Deadly menace of family violence must be quelled,News,1,0,1,1,0.666666667,1,0,1,1,0,0,1,1,0,1,1,0,0,0,0,0
210,FOOLISH RULING WIDENS INDIGENOUS GAP INTO A CHASM,News,0.166666667,0.5,0,0,0.333333333,1,0,0,0,0,0,0,0,0,0,0,0,0,0,1,0
211,Footy can take lead from NRL,News,0,0,0.5,0.5,0.666666667,1,0,1,0,0,0,0,0,0,0,1,0,0,0,0,1
212,"IF SEPARATISM IS SUCH MISERY, DO WE TRY INTEGRATION?",News,0,1,0.5,0,1,1,0,1,0,0,0,0,1,0,0,1,0,0,1,0,0
213,Indigenous ready to take initiatives to close the gap,News,1,0.5,1,0,0.666666667,1,0,0,0,1,0,0,0,0,0,0,0,1,0,0,0
214,INDIGENOUS VOICE WILL BE HEARD LOUD AND PROUD,News,1,0,0,0,1,1,0,0,0,0,0,0,0,0,0,0,1,0,0,0,0
215,Just change one word and let us move on to real reform,News,0.333333333,1,0,0,0.333333333,1,0,0,0,0,0,0,0,1,1,1,0,0,1,0,0
216,LEFT IS FIGHTING TO CONTROL OUR HIGH COURT,News,0,0.5,0,0,0,1,0,0,0,0,0,0,0,0,0,0,0,0,0,1,0
217,LET’S NEVER CONCEDE TO THE MORAL MATRIX OF THE TRIBE,News,0,1,0.5,0,0,1,0,0,0,0,0,0,0,0,1,1,0,0,1,0,1
218,LET’S SLASH INDIGENOUS SENTENCES BY A QUARTER,News,0,0,1,0,1,1,0,0,0,0,0,0,0,0,0,0,0,0,1,0,0
219,LET’S WORK FOR INDIGENOUS JOBS,News,0.333333333,0,1,0,1,1,0,0,0,1,0,0,0,0,0,0,0,1,0,1,0
220,Looking out for the most vulnerable in community,News,0.75,0,0.5,0.5,1,1,0,0,0,0,0,0,0,1,0,0,0,0,0,0,0
221,Prison stems from disadvantage and entrenches it,News,0.166666667,0,1,1,0.666666667,1,0,0,0,1,0,0,1,0,0,0,0,0,1,0,0
222,Reopening schools a milestone,News,0.166666667,0,0.5,0,1,1,0,0,0,1,0,1,0,0,0,0,0,1,0,0,0
223,Rio cops fallout of caves error,News,0.5,0,0,0,0,1,0,0,0,0,0,0,0,0,0,0,0,0,0,0,0
224,The Advertiser Sign of the times,News,0.666666667,0,0,0,0,1,0,0,0,0,0,0,0,0,0,0,0,0,0,0,0
225,THIS IS THE LAW I KNOW,News,1,1,0.5,1,1,1,0,1,1,0,0,0,0,0,0,1,0,0,0,0,0
226,TIDE TURNS ON WAVE OF ALCOHOL-BASED ABUSE WHEN ACCESS IS RESTRICTED,News,1,0,1,1,0.666666667,1,0,0,0,0,0,0,1,1,0,0,0,0,0,0,0
227,TRUTH IS KEPT LOCKED UP,News,0.5,1,0.5,1,0.333333333,1,0,0,0,0,0,0,0,0,0,1,0,0,1,0,0
228,U.S. BURNS BUT WE JUST TURN AWAY,News,0.166666667,0,0,0,1,1,0,0,0,0,0,0,0,0,0,1,0,0,1,0,1
229,WE NEED TO TURN OUR RESEARCH EYES TOWARD HOME MUCH MORE OFTEN,News,0.333333333,0,0,0,0.666666667,1,0,0,0,0,0,0,0,0,0,0,0,0,0,0,0
230,WHERE ARE ALL THE DOLLARS STOLEN FROM ABORIGINES?,News,0.833333333,0,0,0.5,1,1,0,0,0,0,1,0,0,0,0,0,0,1,1,0,1
231,WHY DROP THE BALL ON OUR KEY INDIGENOUS TARGETS?,News,0.5,0.5,1,0,1,1,0,0,0,0,0,0,0,0,0,0,0,1,1,0,0
232,Bloody past still unresolved,Others,0.5,0.5,0,0.5,0.333333333,1,0,0,0,0,0,0,0,0,0,1,0,0,0,0,0
233,Diversity is not a priority,News,0,1,0.5,0,0,0,1,0,0,0,0,0,0,0,0,0,0,0,0,0,0
234,No reason to go soft on hate,Fairfax,0.666666667,1,0,0,0.333333333,0,1,0,0,0,0,0,0,0,0,0,0,0,0,0,1
235,We need to stop being bystanders,Fairfax,1,0,0.5,0.5,1,0,1,1,0,0,0,0,0,0,0,1,0,0,0,0,1
236,IDEALISM IS HATRED IN DISGUISE,News,0.5,1,0.5,0,0,0,1,1,0,0,0,0,0,0,0,1,0,0,0,0,1
237,"In grim times, we need all our wits, not word games",News,0.666666667,0,0.5,0,0.333333333,0,1,0,0,0,0,0,0,0,0,0,0,0,0,0,0
238,"ONCE AGAIN, BILL MISSES THE MARK",News,0,0,0.5,0,0.333333333,0,1,0,0,0,0,1,0,0,0,0,0,0,0,0,1
239,Populate and perish? At last Australia stands up to those migrants we just don’t need,News,0.5,1,0,0.5,1,0,0,0,0,0,0,0,0,0,0,1,0,0,1,0,0
240,Religious freedom bill a nightmare for employers,Fairfax,0,0,0.5,0.5,0.333333333,0,0,1,0,0,0,1,0,0,0,0,0,0,0,0,1
241,Hating women online - a refuge of scoundrels,Fairfax,1,0,1,1,0.666666667,1,0,1,0,0,0,0,0,0,0,1,0,0,1,0,1
242,Young Australians taking a hard look at political world,Fairfax,1,0,0.5,0.5,0.333333333,1,0,0,0,0,0,0,0,0,0,0,1,0,0,0,0
243,Taxpayer-funded priests - should that really be allowed?,Others,0.333333333,0,0,0.5,0.333333333,0,0,0,0,0,0,0,0,0,0,0,0,1,0,0,1
244,ALBO AND LABOR IN A CORNER,News,0.166666667,0.5,0,0,0.666666667,0,0,0,0,0,0,0,0,0,0,0,0,0,0,0,0
245,CALIFORNIA DREAMIN’? MORE AN IDENTITY-QUOTA TERROR,News,0.333333333,0.5,0.5,0,0.333333333,0,1,1,0,0,0,0,0,0,0,0,0,1,0,0,0
246,LEFT’S VIEW SHOWS IT’S TIME FOR ANOTHER LABOR SPLIT,News,0.5,0.5,0.5,0,1,0,1,0,0,0,0,0,0,1,0,0,0,1,0,1,0
247,"Got a sensible idea for communal harmony? Who cares, we’ve got critical race theory",News,0.333333333,0,0.5,0,0,1,1,0,0,0,0,0,0,0,0,0,0,0,0,0,1
248,Cutting the roots of family violence,Fairfax,0.166666667,0.5,1,0,1,0,0,1,1,0,0,0,0,1,1,1,0,0,0,0,0
249,"Dear J.K. Rowling, let's end this toxic 'debate'",Fairfax,0.5,0,1,1,0,0,0,1,0,0,0,0,0,1,0,1,0,0,0,0,0
250,Women's rights make men worry - and the problem is?,Fairfax,0.666666667,0.5,0.5,1,0.333333333,0,0,1,0,1,0,0,0,0,0,0,0,0,0,1,0
251,Survival or death-by-stupid: your choice Straya,Fairfax,0.5,0,0.5,0,0.333333333,1,0,1,0,0,0,0,0,0,0,1,0,0,0,0,0
252,The benefits of gender equality are more than theoretical,Others,0.833333333,0,1,0.5,0.666666667,1,0,1,0,0,0,1,0,0,0,0,1,1,0,1,0
253,They’re all getting in on the act,News,0.666666667,1,0.5,0.5,0.333333333,0,0,0,0,0,0,1,0,0,0,0,1,0,0,0,0
254,"Flawed bill is a weapon, not a shield",Fairfax,0,0,0.5,0,0.333333333,0,1,1,0,0,0,0,0,0,0,0,0,0,0,0,1
255,Bill is likely to backfire on Christians,Fairfax,0,0,0.5,0,0,0,0,1,0,0,0,1,0,0,0,1,0,0,0,0,1