id,publisher,key,value
1,Fairfax,amplifiesdisadvantagedvoice,0.666666667
1,Fairfax,dispargesdisadvantaged,0
1,Fairfax,recognisesintersectionality,0
1,Fairfax,provideshumanexamples,1
1,Fairfax,focusesonsolutions,0.666666667
2,News,amplifiesdisadvantagedvoice,0.833333333
2,News,dispargesdisadvantaged,0.5
2,News,recognisesintersectionality,0
2,News,provideshumanexamples,0
2,News,focusesonsolutions,0.333333333
3,News,amplifiesdisadvantagedvoice,0.5
3,News,dispargesdisadvantaged,1
3,News,recognisesintersectionality,0.5
3,News,provideshumanexamples,0
3,News,focusesonsolutions,0.333333333
4,Fairfax,amplifiesdisadvantagedvoice,0.166666667
4,Fairfax,dispargesdisadvantaged,0
4,Fairfax,recognisesintersectionality,0.5
4,Fairfax,provideshumanexamples,0
4,Fairfax,focusesonsolutions,0.666666667
5,Fairfax,amplifiesdisadvantagedvoice,0.5
5,Fairfax,dispargesdisadvantaged,0
5,Fairfax,recognisesintersectionality,0
5,Fairfax,provideshumanexamples,0.5
5,Fairfax,focusesonsolutions,0
6,Fairfax,amplifiesdisadvantagedvoice,0.5
6,Fairfax,dispargesdisadvantaged,0
6,Fairfax,recognisesintersectionality,0.5
6,Fairfax,provideshumanexamples,0
6,Fairfax,focusesonsolutions,0
7,Fairfax,amplifiesdisadvantagedvoice,0.333333333
7,Fairfax,dispargesdisadvantaged,0
7,Fairfax,recognisesintersectionality,0
7,Fairfax,provideshumanexamples,0.5
7,Fairfax,focusesonsolutions,0.666666667
8,Fairfax,amplifiesdisadvantagedvoice,1
8,Fairfax,dispargesdisadvantaged,0
8,Fairfax,recognisesintersectionality,0
8,Fairfax,provideshumanexamples,1
8,Fairfax,focusesonsolutions,0.333333333
9,Fairfax,amplifiesdisadvantagedvoice,0.833333333
9,Fairfax,dispargesdisadvantaged,0
9,Fairfax,recognisesintersectionality,0
9,Fairfax,provideshumanexamples,1
9,Fairfax,focusesonsolutions,0.666666667
10,Fairfax,amplifiesdisadvantagedvoice,1
10,Fairfax,dispargesdisadvantaged,0
10,Fairfax,recognisesintersectionality,0
10,Fairfax,provideshumanexamples,1
10,Fairfax,focusesonsolutions,0.333333333
11,Fairfax,amplifiesdisadvantagedvoice,0.666666667
11,Fairfax,dispargesdisadvantaged,1
11,Fairfax,recognisesintersectionality,0.5
11,Fairfax,provideshumanexamples,1
11,Fairfax,focusesonsolutions,0.666666667
12,Fairfax,amplifiesdisadvantagedvoice,0.333333333
12,Fairfax,dispargesdisadvantaged,0
12,Fairfax,recognisesintersectionality,0
12,Fairfax,provideshumanexamples,0
12,Fairfax,focusesonsolutions,0.333333333
13,Fairfax,amplifiesdisadvantagedvoice,0.833333333
13,Fairfax,dispargesdisadvantaged,0
13,Fairfax,recognisesintersectionality,1
13,Fairfax,provideshumanexamples,1
13,Fairfax,focusesonsolutions,0.666666667
14,Fairfax,amplifiesdisadvantagedvoice,0.5
14,Fairfax,dispargesdisadvantaged,0
14,Fairfax,recognisesintersectionality,0.5
14,Fairfax,provideshumanexamples,0
14,Fairfax,focusesonsolutions,0.333333333
15,Others,amplifiesdisadvantagedvoice,0.5
15,Others,dispargesdisadvantaged,0
15,Others,recognisesintersectionality,0
15,Others,provideshumanexamples,0.5
15,Others,focusesonsolutions,0.333333333
16,News,amplifiesdisadvantagedvoice,0
16,News,dispargesdisadvantaged,1
16,News,recognisesintersectionality,0
16,News,provideshumanexamples,0.5
16,News,focusesonsolutions,0.333333333
17,News,amplifiesdisadvantagedvoice,0
17,News,dispargesdisadvantaged,1
17,News,recognisesintersectionality,0.5
17,News,provideshumanexamples,0
17,News,focusesonsolutions,0
18,News,amplifiesdisadvantagedvoice,0.166666667
18,News,dispargesdisadvantaged,0.5
18,News,recognisesintersectionality,0.5
18,News,provideshumanexamples,0
18,News,focusesonsolutions,0.333333333
19,News,amplifiesdisadvantagedvoice,0.333333333
19,News,dispargesdisadvantaged,1
19,News,recognisesintersectionality,0
19,News,provideshumanexamples,0.5
19,News,focusesonsolutions,0
20,News,amplifiesdisadvantagedvoice,0.166666667
20,News,dispargesdisadvantaged,1
20,News,recognisesintersectionality,0
20,News,provideshumanexamples,0
20,News,focusesonsolutions,0
21,News,amplifiesdisadvantagedvoice,0.166666667
21,News,dispargesdisadvantaged,0.5
21,News,recognisesintersectionality,0
21,News,provideshumanexamples,0.5
21,News,focusesonsolutions,0
22,News,amplifiesdisadvantagedvoice,0.666666667
22,News,dispargesdisadvantaged,0
22,News,recognisesintersectionality,0.5
22,News,provideshumanexamples,0
22,News,focusesonsolutions,0.333333333
23,News,amplifiesdisadvantagedvoice,0
23,News,dispargesdisadvantaged,1
23,News,recognisesintersectionality,0.5
23,News,provideshumanexamples,0
23,News,focusesonsolutions,0.333333333
24,News,amplifiesdisadvantagedvoice,0.333333333
24,News,dispargesdisadvantaged,1
24,News,recognisesintersectionality,0
24,News,provideshumanexamples,0.5
24,News,focusesonsolutions,1
25,News,amplifiesdisadvantagedvoice,0.833333333
25,News,dispargesdisadvantaged,1
25,News,recognisesintersectionality,0
25,News,provideshumanexamples,0.5
25,News,focusesonsolutions,0
26,News,amplifiesdisadvantagedvoice,0
26,News,dispargesdisadvantaged,1
26,News,recognisesintersectionality,0
26,News,provideshumanexamples,0
26,News,focusesonsolutions,0
27,News,amplifiesdisadvantagedvoice,0.666666667
27,News,dispargesdisadvantaged,0
27,News,recognisesintersectionality,0.5
27,News,provideshumanexamples,0
27,News,focusesonsolutions,0.333333333
28,News,amplifiesdisadvantagedvoice,0.666666667
28,News,dispargesdisadvantaged,0
28,News,recognisesintersectionality,0
28,News,provideshumanexamples,0.5
28,News,focusesonsolutions,0
29,News,amplifiesdisadvantagedvoice,0.166666667
29,News,dispargesdisadvantaged,1
29,News,recognisesintersectionality,0.5
29,News,provideshumanexamples,0.5
29,News,focusesonsolutions,0
30,Others,amplifiesdisadvantagedvoice,0.833333333
30,Others,dispargesdisadvantaged,0
30,Others,recognisesintersectionality,0
30,Others,provideshumanexamples,0.5
30,Others,focusesonsolutions,0.333333333
31,Fairfax,amplifiesdisadvantagedvoice,0.166666667
31,Fairfax,dispargesdisadvantaged,0
31,Fairfax,recognisesintersectionality,0.5
31,Fairfax,provideshumanexamples,0
31,Fairfax,focusesonsolutions,0.666666667
32,Fairfax,amplifiesdisadvantagedvoice,0.833333333
32,Fairfax,dispargesdisadvantaged,0
32,Fairfax,recognisesintersectionality,0.5
32,Fairfax,provideshumanexamples,1
32,Fairfax,focusesonsolutions,0.666666667
33,Fairfax,amplifiesdisadvantagedvoice,0.5
33,Fairfax,dispargesdisadvantaged,0
33,Fairfax,recognisesintersectionality,0.5
33,Fairfax,provideshumanexamples,1
33,Fairfax,focusesonsolutions,1
34,Fairfax,amplifiesdisadvantagedvoice,0.333333333
34,Fairfax,dispargesdisadvantaged,0
34,Fairfax,recognisesintersectionality,1
34,Fairfax,provideshumanexamples,0.5
34,Fairfax,focusesonsolutions,0.666666667
35,Fairfax,amplifiesdisadvantagedvoice,0.666666667
35,Fairfax,dispargesdisadvantaged,0
35,Fairfax,recognisesintersectionality,0.5
35,Fairfax,provideshumanexamples,0
35,Fairfax,focusesonsolutions,0.5
36,Others,amplifiesdisadvantagedvoice,0.166666667
36,Others,dispargesdisadvantaged,0
36,Others,recognisesintersectionality,0
36,Others,provideshumanexamples,0.5
36,Others,focusesonsolutions,0.666666667
37,Others,amplifiesdisadvantagedvoice,0.166666667
37,Others,dispargesdisadvantaged,0
37,Others,recognisesintersectionality,0.5
37,Others,provideshumanexamples,0
37,Others,focusesonsolutions,1
38,News,amplifiesdisadvantagedvoice,0.333333333
38,News,dispargesdisadvantaged,0.5
38,News,recognisesintersectionality,0
38,News,provideshumanexamples,0
38,News,focusesonsolutions,0.666666667
39,News,amplifiesdisadvantagedvoice,0.666666667
39,News,dispargesdisadvantaged,0
39,News,recognisesintersectionality,1
39,News,provideshumanexamples,1
39,News,focusesonsolutions,1
40,News,amplifiesdisadvantagedvoice,0.666666667
40,News,dispargesdisadvantaged,1
40,News,recognisesintersectionality,1
40,News,provideshumanexamples,1
40,News,focusesonsolutions,0.666666667
41,News,amplifiesdisadvantagedvoice,0.833333333
41,News,dispargesdisadvantaged,1
41,News,recognisesintersectionality,1
41,News,provideshumanexamples,1
41,News,focusesonsolutions,1
42,News,amplifiesdisadvantagedvoice,1
42,News,dispargesdisadvantaged,0.5
42,News,recognisesintersectionality,0.5
42,News,provideshumanexamples,0
42,News,focusesonsolutions,0.333333333
43,Fairfax,amplifiesdisadvantagedvoice,0.5
43,Fairfax,dispargesdisadvantaged,0
43,Fairfax,recognisesintersectionality,0
43,Fairfax,provideshumanexamples,1
43,Fairfax,focusesonsolutions,0.333333333
44,Fairfax,amplifiesdisadvantagedvoice,1
44,Fairfax,dispargesdisadvantaged,0
44,Fairfax,recognisesintersectionality,0
44,Fairfax,provideshumanexamples,0
44,Fairfax,focusesonsolutions,0.333333333
45,Fairfax,amplifiesdisadvantagedvoice,0.5
45,Fairfax,dispargesdisadvantaged,0
45,Fairfax,recognisesintersectionality,0
45,Fairfax,provideshumanexamples,0
45,Fairfax,focusesonsolutions,0.333333333
46,Fairfax,amplifiesdisadvantagedvoice,0.666666667
46,Fairfax,dispargesdisadvantaged,0
46,Fairfax,recognisesintersectionality,0
46,Fairfax,provideshumanexamples,0.5
46,Fairfax,focusesonsolutions,1
47,Fairfax,amplifiesdisadvantagedvoice,0.666666667
47,Fairfax,dispargesdisadvantaged,0
47,Fairfax,recognisesintersectionality,0.5
47,Fairfax,provideshumanexamples,0.5
47,Fairfax,focusesonsolutions,0.666666667
48,Fairfax,amplifiesdisadvantagedvoice,1
48,Fairfax,dispargesdisadvantaged,0
48,Fairfax,recognisesintersectionality,0.5
48,Fairfax,provideshumanexamples,1
48,Fairfax,focusesonsolutions,0.666666667
49,Fairfax,amplifiesdisadvantagedvoice,1
49,Fairfax,dispargesdisadvantaged,0
49,Fairfax,recognisesintersectionality,0
49,Fairfax,provideshumanexamples,0
49,Fairfax,focusesonsolutions,0.333333333
50,Fairfax,amplifiesdisadvantagedvoice,1
50,Fairfax,dispargesdisadvantaged,0.5
50,Fairfax,recognisesintersectionality,0
50,Fairfax,provideshumanexamples,1
50,Fairfax,focusesonsolutions,1
51,Fairfax,amplifiesdisadvantagedvoice,0.5
51,Fairfax,dispargesdisadvantaged,0.5
51,Fairfax,recognisesintersectionality,0
51,Fairfax,provideshumanexamples,0.5
51,Fairfax,focusesonsolutions,0.333333333
52,Fairfax,amplifiesdisadvantagedvoice,0.333333333
52,Fairfax,dispargesdisadvantaged,0
52,Fairfax,recognisesintersectionality,0.5
52,Fairfax,provideshumanexamples,0.5
52,Fairfax,focusesonsolutions,0.666666667
53,Fairfax,amplifiesdisadvantagedvoice,0.5
53,Fairfax,dispargesdisadvantaged,1
53,Fairfax,recognisesintersectionality,0.5
53,Fairfax,provideshumanexamples,1
53,Fairfax,focusesonsolutions,0
54,Fairfax,amplifiesdisadvantagedvoice,0.833333333
54,Fairfax,dispargesdisadvantaged,0
54,Fairfax,recognisesintersectionality,0.5
54,Fairfax,provideshumanexamples,1
54,Fairfax,focusesonsolutions,1
55,Fairfax,amplifiesdisadvantagedvoice,0
55,Fairfax,dispargesdisadvantaged,0
55,Fairfax,recognisesintersectionality,1
55,Fairfax,provideshumanexamples,0
55,Fairfax,focusesonsolutions,0.333333333
56,Fairfax,amplifiesdisadvantagedvoice,0
56,Fairfax,dispargesdisadvantaged,0
56,Fairfax,recognisesintersectionality,1
56,Fairfax,provideshumanexamples,0
56,Fairfax,focusesonsolutions,0.666666667
57,Fairfax,amplifiesdisadvantagedvoice,1
57,Fairfax,dispargesdisadvantaged,0
57,Fairfax,recognisesintersectionality,0
57,Fairfax,provideshumanexamples,1
57,Fairfax,focusesonsolutions,1
58,Fairfax,amplifiesdisadvantagedvoice,0.333333333
58,Fairfax,dispargesdisadvantaged,0
58,Fairfax,recognisesintersectionality,0
58,Fairfax,provideshumanexamples,0.5
58,Fairfax,focusesonsolutions,0.333333333
59,Fairfax,amplifiesdisadvantagedvoice,0.333333333
59,Fairfax,dispargesdisadvantaged,0
59,Fairfax,recognisesintersectionality,0
59,Fairfax,provideshumanexamples,1
59,Fairfax,focusesonsolutions,0.5
60,Fairfax,amplifiesdisadvantagedvoice,0
60,Fairfax,dispargesdisadvantaged,0
60,Fairfax,recognisesintersectionality,0
60,Fairfax,provideshumanexamples,0
60,Fairfax,focusesonsolutions,0.666666667
61,Fairfax,amplifiesdisadvantagedvoice,1
61,Fairfax,dispargesdisadvantaged,0
61,Fairfax,recognisesintersectionality,0
61,Fairfax,provideshumanexamples,1
61,Fairfax,focusesonsolutions,0.666666667
62,Fairfax,amplifiesdisadvantagedvoice,0.166666667
62,Fairfax,dispargesdisadvantaged,0
62,Fairfax,recognisesintersectionality,0
62,Fairfax,provideshumanexamples,0
62,Fairfax,focusesonsolutions,1
63,Fairfax,amplifiesdisadvantagedvoice,0
63,Fairfax,dispargesdisadvantaged,0
63,Fairfax,recognisesintersectionality,0
63,Fairfax,provideshumanexamples,0
63,Fairfax,focusesonsolutions,1
64,Fairfax,amplifiesdisadvantagedvoice,0.333333333
64,Fairfax,dispargesdisadvantaged,0
64,Fairfax,recognisesintersectionality,1
64,Fairfax,provideshumanexamples,0
64,Fairfax,focusesonsolutions,1
65,Fairfax,amplifiesdisadvantagedvoice,0.833333333
65,Fairfax,dispargesdisadvantaged,1
65,Fairfax,recognisesintersectionality,0
65,Fairfax,provideshumanexamples,1
65,Fairfax,focusesonsolutions,0.333333333
66,Fairfax,amplifiesdisadvantagedvoice,0.166666667
66,Fairfax,dispargesdisadvantaged,0.5
66,Fairfax,recognisesintersectionality,0.5
66,Fairfax,provideshumanexamples,0
66,Fairfax,focusesonsolutions,1
67,Fairfax,amplifiesdisadvantagedvoice,1
67,Fairfax,dispargesdisadvantaged,0.5
67,Fairfax,recognisesintersectionality,0
67,Fairfax,provideshumanexamples,0.5
67,Fairfax,focusesonsolutions,0
68,Fairfax,amplifiesdisadvantagedvoice,0.166666667
68,Fairfax,dispargesdisadvantaged,0
68,Fairfax,recognisesintersectionality,0
68,Fairfax,provideshumanexamples,0
68,Fairfax,focusesonsolutions,1
69,Fairfax,amplifiesdisadvantagedvoice,0.5
69,Fairfax,dispargesdisadvantaged,0
69,Fairfax,recognisesintersectionality,0.5
69,Fairfax,provideshumanexamples,0
69,Fairfax,focusesonsolutions,0.333333333
70,Fairfax,amplifiesdisadvantagedvoice,0.666666667
70,Fairfax,dispargesdisadvantaged,0
70,Fairfax,recognisesintersectionality,1
70,Fairfax,provideshumanexamples,0
70,Fairfax,focusesonsolutions,1
71,Fairfax,amplifiesdisadvantagedvoice,0.166666667
71,Fairfax,dispargesdisadvantaged,0
71,Fairfax,recognisesintersectionality,0
71,Fairfax,provideshumanexamples,0
71,Fairfax,focusesonsolutions,0.666666667
72,Fairfax,amplifiesdisadvantagedvoice,0.166666667
72,Fairfax,dispargesdisadvantaged,0
72,Fairfax,recognisesintersectionality,0
72,Fairfax,provideshumanexamples,0
72,Fairfax,focusesonsolutions,0.666666667
73,Fairfax,amplifiesdisadvantagedvoice,1
73,Fairfax,dispargesdisadvantaged,0
73,Fairfax,recognisesintersectionality,0
73,Fairfax,provideshumanexamples,1
73,Fairfax,focusesonsolutions,1
74,Fairfax,amplifiesdisadvantagedvoice,0.333333333
74,Fairfax,dispargesdisadvantaged,0
74,Fairfax,recognisesintersectionality,0
74,Fairfax,provideshumanexamples,0
74,Fairfax,focusesonsolutions,1
75,Fairfax,amplifiesdisadvantagedvoice,0.666666667
75,Fairfax,dispargesdisadvantaged,0
75,Fairfax,recognisesintersectionality,0
75,Fairfax,provideshumanexamples,0
75,Fairfax,focusesonsolutions,0.666666667
76,Fairfax,amplifiesdisadvantagedvoice,1
76,Fairfax,dispargesdisadvantaged,0
76,Fairfax,recognisesintersectionality,1
76,Fairfax,provideshumanexamples,0
76,Fairfax,focusesonsolutions,1
77,Fairfax,amplifiesdisadvantagedvoice,0.333333333
77,Fairfax,dispargesdisadvantaged,0.5
77,Fairfax,recognisesintersectionality,1
77,Fairfax,provideshumanexamples,0
77,Fairfax,focusesonsolutions,0.666666667
78,Fairfax,amplifiesdisadvantagedvoice,0.833333333
78,Fairfax,dispargesdisadvantaged,0
78,Fairfax,recognisesintersectionality,0
78,Fairfax,provideshumanexamples,1
78,Fairfax,focusesonsolutions,1
79,Fairfax,amplifiesdisadvantagedvoice,0.333333333
79,Fairfax,dispargesdisadvantaged,0
79,Fairfax,recognisesintersectionality,0
79,Fairfax,provideshumanexamples,0
79,Fairfax,focusesonsolutions,0.666666667
80,Fairfax,amplifiesdisadvantagedvoice,0
80,Fairfax,dispargesdisadvantaged,0.5
80,Fairfax,recognisesintersectionality,1
80,Fairfax,provideshumanexamples,0.5
80,Fairfax,focusesonsolutions,0.333333333
81,Fairfax,amplifiesdisadvantagedvoice,0
81,Fairfax,dispargesdisadvantaged,0
81,Fairfax,recognisesintersectionality,0.5
81,Fairfax,provideshumanexamples,0
81,Fairfax,focusesonsolutions,0.333333333
82,Fairfax,amplifiesdisadvantagedvoice,0.833333333
82,Fairfax,dispargesdisadvantaged,0
82,Fairfax,recognisesintersectionality,1
82,Fairfax,provideshumanexamples,1
82,Fairfax,focusesonsolutions,0.333333333
83,Fairfax,amplifiesdisadvantagedvoice,0.833333333
83,Fairfax,dispargesdisadvantaged,0
83,Fairfax,recognisesintersectionality,0
83,Fairfax,provideshumanexamples,0
83,Fairfax,focusesonsolutions,0.666666667
84,Fairfax,amplifiesdisadvantagedvoice,0.5
84,Fairfax,dispargesdisadvantaged,0
84,Fairfax,recognisesintersectionality,0
84,Fairfax,provideshumanexamples,1
84,Fairfax,focusesonsolutions,0.666666667
85,Fairfax,amplifiesdisadvantagedvoice,0.833333333
85,Fairfax,dispargesdisadvantaged,0
85,Fairfax,recognisesintersectionality,0
85,Fairfax,provideshumanexamples,0.5
85,Fairfax,focusesonsolutions,0.333333333
86,Fairfax,amplifiesdisadvantagedvoice,0.5
86,Fairfax,dispargesdisadvantaged,0
86,Fairfax,recognisesintersectionality,0
86,Fairfax,provideshumanexamples,0
86,Fairfax,focusesonsolutions,0.666666667
87,Fairfax,amplifiesdisadvantagedvoice,0.833333333
87,Fairfax,dispargesdisadvantaged,0
87,Fairfax,recognisesintersectionality,0
87,Fairfax,provideshumanexamples,0
87,Fairfax,focusesonsolutions,0.333333333
88,Fairfax,amplifiesdisadvantagedvoice,0.333333333
88,Fairfax,dispargesdisadvantaged,0
88,Fairfax,recognisesintersectionality,1
88,Fairfax,provideshumanexamples,0
88,Fairfax,focusesonsolutions,0.666666667
89,Fairfax,amplifiesdisadvantagedvoice,0.833333333
89,Fairfax,dispargesdisadvantaged,0
89,Fairfax,recognisesintersectionality,0.5
89,Fairfax,provideshumanexamples,0.5
89,Fairfax,focusesonsolutions,0.666666667
90,Fairfax,amplifiesdisadvantagedvoice,0
90,Fairfax,dispargesdisadvantaged,0
90,Fairfax,recognisesintersectionality,1
90,Fairfax,provideshumanexamples,1
90,Fairfax,focusesonsolutions,0.333333333
91,Fairfax,amplifiesdisadvantagedvoice,0.166666667
91,Fairfax,dispargesdisadvantaged,0
91,Fairfax,recognisesintersectionality,1
91,Fairfax,provideshumanexamples,0.5
91,Fairfax,focusesonsolutions,1
92,Fairfax,amplifiesdisadvantagedvoice,0.166666667
92,Fairfax,dispargesdisadvantaged,0
92,Fairfax,recognisesintersectionality,0
92,Fairfax,provideshumanexamples,0
92,Fairfax,focusesonsolutions,0.333333333
93,Fairfax,amplifiesdisadvantagedvoice,0.166666667
93,Fairfax,dispargesdisadvantaged,0
93,Fairfax,recognisesintersectionality,0
93,Fairfax,provideshumanexamples,0
93,Fairfax,focusesonsolutions,0.666666667
94,Fairfax,amplifiesdisadvantagedvoice,0.833333333
94,Fairfax,dispargesdisadvantaged,0
94,Fairfax,recognisesintersectionality,1
94,Fairfax,provideshumanexamples,1
94,Fairfax,focusesonsolutions,0.666666667
95,Fairfax,amplifiesdisadvantagedvoice,0.666666667
95,Fairfax,dispargesdisadvantaged,0
95,Fairfax,recognisesintersectionality,1
95,Fairfax,provideshumanexamples,0
95,Fairfax,focusesonsolutions,0.666666667
96,Fairfax,amplifiesdisadvantagedvoice,1
96,Fairfax,dispargesdisadvantaged,0
96,Fairfax,recognisesintersectionality,0
96,Fairfax,provideshumanexamples,1
96,Fairfax,focusesonsolutions,1
97,Fairfax,amplifiesdisadvantagedvoice,1
97,Fairfax,dispargesdisadvantaged,0
97,Fairfax,recognisesintersectionality,0
97,Fairfax,provideshumanexamples,0.5
97,Fairfax,focusesonsolutions,0.666666667
98,Fairfax,amplifiesdisadvantagedvoice,0
98,Fairfax,dispargesdisadvantaged,0
98,Fairfax,recognisesintersectionality,0
98,Fairfax,provideshumanexamples,0
98,Fairfax,focusesonsolutions,1
99,Fairfax,amplifiesdisadvantagedvoice,0.333333333
99,Fairfax,dispargesdisadvantaged,0
99,Fairfax,recognisesintersectionality,0
99,Fairfax,provideshumanexamples,0
99,Fairfax,focusesonsolutions,0
100,Fairfax,amplifiesdisadvantagedvoice,0.166666667
100,Fairfax,dispargesdisadvantaged,0
100,Fairfax,recognisesintersectionality,0
100,Fairfax,provideshumanexamples,1
100,Fairfax,focusesonsolutions,1
101,Fairfax,amplifiesdisadvantagedvoice,0.5
101,Fairfax,dispargesdisadvantaged,0
101,Fairfax,recognisesintersectionality,0.5
101,Fairfax,provideshumanexamples,0
101,Fairfax,focusesonsolutions,0.333333333
102,Fairfax,amplifiesdisadvantagedvoice,0
102,Fairfax,dispargesdisadvantaged,0
102,Fairfax,recognisesintersectionality,0
102,Fairfax,provideshumanexamples,0
102,Fairfax,focusesonsolutions,0
103,Fairfax,amplifiesdisadvantagedvoice,0.166666667
103,Fairfax,dispargesdisadvantaged,0
103,Fairfax,recognisesintersectionality,0
103,Fairfax,provideshumanexamples,0
103,Fairfax,focusesonsolutions,1
104,Fairfax,amplifiesdisadvantagedvoice,0.833333333
104,Fairfax,dispargesdisadvantaged,0
104,Fairfax,recognisesintersectionality,0
104,Fairfax,provideshumanexamples,0
104,Fairfax,focusesonsolutions,0
105,Fairfax,amplifiesdisadvantagedvoice,1
105,Fairfax,dispargesdisadvantaged,0
105,Fairfax,recognisesintersectionality,0.5
105,Fairfax,provideshumanexamples,1
105,Fairfax,focusesonsolutions,0.666666667
106,Fairfax,amplifiesdisadvantagedvoice,0.166666667
106,Fairfax,dispargesdisadvantaged,0
106,Fairfax,recognisesintersectionality,0
106,Fairfax,provideshumanexamples,0
106,Fairfax,focusesonsolutions,0.666666667
107,Fairfax,amplifiesdisadvantagedvoice,0.833333333
107,Fairfax,dispargesdisadvantaged,0
107,Fairfax,recognisesintersectionality,0
107,Fairfax,provideshumanexamples,0.5
107,Fairfax,focusesonsolutions,1
108,Fairfax,amplifiesdisadvantagedvoice,1
108,Fairfax,dispargesdisadvantaged,0
108,Fairfax,recognisesintersectionality,0
108,Fairfax,provideshumanexamples,0.5
108,Fairfax,focusesonsolutions,0.666666667
109,Fairfax,amplifiesdisadvantagedvoice,1
109,Fairfax,dispargesdisadvantaged,0.5
109,Fairfax,recognisesintersectionality,0
109,Fairfax,provideshumanexamples,1
109,Fairfax,focusesonsolutions,1
110,Fairfax,amplifiesdisadvantagedvoice,1
110,Fairfax,dispargesdisadvantaged,0
110,Fairfax,recognisesintersectionality,0.5
110,Fairfax,provideshumanexamples,0
110,Fairfax,focusesonsolutions,1
111,Fairfax,amplifiesdisadvantagedvoice,0.5
111,Fairfax,dispargesdisadvantaged,0
111,Fairfax,recognisesintersectionality,0
111,Fairfax,provideshumanexamples,0.5
111,Fairfax,focusesonsolutions,0.666666667
112,Fairfax,amplifiesdisadvantagedvoice,0.833333333
112,Fairfax,dispargesdisadvantaged,0.5
112,Fairfax,recognisesintersectionality,0
112,Fairfax,provideshumanexamples,0.5
112,Fairfax,focusesonsolutions,0
113,Fairfax,amplifiesdisadvantagedvoice,0.166666667
113,Fairfax,dispargesdisadvantaged,0
113,Fairfax,recognisesintersectionality,0
113,Fairfax,provideshumanexamples,0
113,Fairfax,focusesonsolutions,0
114,Fairfax,amplifiesdisadvantagedvoice,0.833333333
114,Fairfax,dispargesdisadvantaged,0
114,Fairfax,recognisesintersectionality,0
114,Fairfax,provideshumanexamples,0
114,Fairfax,focusesonsolutions,0.333333333
115,Fairfax,amplifiesdisadvantagedvoice,0.833333333
115,Fairfax,dispargesdisadvantaged,0
115,Fairfax,recognisesintersectionality,0
115,Fairfax,provideshumanexamples,0
115,Fairfax,focusesonsolutions,0.333333333
116,Fairfax,amplifiesdisadvantagedvoice,0.5
116,Fairfax,dispargesdisadvantaged,0
116,Fairfax,recognisesintersectionality,0
116,Fairfax,provideshumanexamples,0
116,Fairfax,focusesonsolutions,0.333333333
117,Fairfax,amplifiesdisadvantagedvoice,0.5
117,Fairfax,dispargesdisadvantaged,0
117,Fairfax,recognisesintersectionality,0.5
117,Fairfax,provideshumanexamples,0.5
117,Fairfax,focusesonsolutions,1
118,Fairfax,amplifiesdisadvantagedvoice,0.833333333
118,Fairfax,dispargesdisadvantaged,0
118,Fairfax,recognisesintersectionality,0
118,Fairfax,provideshumanexamples,0
118,Fairfax,focusesonsolutions,0.666666667
119,Fairfax,amplifiesdisadvantagedvoice,0.833333333
119,Fairfax,dispargesdisadvantaged,1
119,Fairfax,recognisesintersectionality,0.5
119,Fairfax,provideshumanexamples,0.5
119,Fairfax,focusesonsolutions,0.666666667
120,Fairfax,amplifiesdisadvantagedvoice,0.833333333
120,Fairfax,dispargesdisadvantaged,0
120,Fairfax,recognisesintersectionality,0.5
120,Fairfax,provideshumanexamples,1
120,Fairfax,focusesonsolutions,0
121,Fairfax,amplifiesdisadvantagedvoice,0.666666667
121,Fairfax,dispargesdisadvantaged,0
121,Fairfax,recognisesintersectionality,0
121,Fairfax,provideshumanexamples,0
121,Fairfax,focusesonsolutions,0.666666667
122,Fairfax,amplifiesdisadvantagedvoice,0.833333333
122,Fairfax,dispargesdisadvantaged,0
122,Fairfax,recognisesintersectionality,0
122,Fairfax,provideshumanexamples,0
122,Fairfax,focusesonsolutions,0.666666667
123,Fairfax,amplifiesdisadvantagedvoice,0.666666667
123,Fairfax,dispargesdisadvantaged,0
123,Fairfax,recognisesintersectionality,0
123,Fairfax,provideshumanexamples,0.5
123,Fairfax,focusesonsolutions,0.333333333
124,Fairfax,amplifiesdisadvantagedvoice,1
124,Fairfax,dispargesdisadvantaged,0
124,Fairfax,recognisesintersectionality,0.5
124,Fairfax,provideshumanexamples,1
124,Fairfax,focusesonsolutions,0.333333333
125,Fairfax,amplifiesdisadvantagedvoice,0.166666667
125,Fairfax,dispargesdisadvantaged,0
125,Fairfax,recognisesintersectionality,1
125,Fairfax,provideshumanexamples,0.5
125,Fairfax,focusesonsolutions,0.666666667
126,Fairfax,amplifiesdisadvantagedvoice,0.166666667
126,Fairfax,dispargesdisadvantaged,0
126,Fairfax,recognisesintersectionality,0
126,Fairfax,provideshumanexamples,0
126,Fairfax,focusesonsolutions,0.666666667
127,Fairfax,amplifiesdisadvantagedvoice,0.5
127,Fairfax,dispargesdisadvantaged,0
127,Fairfax,recognisesintersectionality,0.5
127,Fairfax,provideshumanexamples,0.5
127,Fairfax,focusesonsolutions,0
128,Fairfax,amplifiesdisadvantagedvoice,0.833333333
128,Fairfax,dispargesdisadvantaged,0
128,Fairfax,recognisesintersectionality,0
128,Fairfax,provideshumanexamples,0.5
128,Fairfax,focusesonsolutions,0.333333333
129,Fairfax,amplifiesdisadvantagedvoice,0.5
129,Fairfax,dispargesdisadvantaged,0.5
129,Fairfax,recognisesintersectionality,1
129,Fairfax,provideshumanexamples,0
129,Fairfax,focusesonsolutions,0.666666667
130,Fairfax,amplifiesdisadvantagedvoice,1
130,Fairfax,dispargesdisadvantaged,0
130,Fairfax,recognisesintersectionality,0
130,Fairfax,provideshumanexamples,0.5
130,Fairfax,focusesonsolutions,0.333333333
131,Fairfax,amplifiesdisadvantagedvoice,0.833333333
131,Fairfax,dispargesdisadvantaged,0
131,Fairfax,recognisesintersectionality,1
131,Fairfax,provideshumanexamples,0.5
131,Fairfax,focusesonsolutions,1
132,Fairfax,amplifiesdisadvantagedvoice,0.5
132,Fairfax,dispargesdisadvantaged,0
132,Fairfax,recognisesintersectionality,1
132,Fairfax,provideshumanexamples,0
132,Fairfax,focusesonsolutions,1
133,Fairfax,amplifiesdisadvantagedvoice,0.666666667
133,Fairfax,dispargesdisadvantaged,0
133,Fairfax,recognisesintersectionality,1
133,Fairfax,provideshumanexamples,0
133,Fairfax,focusesonsolutions,1
134,Fairfax,amplifiesdisadvantagedvoice,0.833333333
134,Fairfax,dispargesdisadvantaged,0
134,Fairfax,recognisesintersectionality,0
134,Fairfax,provideshumanexamples,0.5
134,Fairfax,focusesonsolutions,0.666666667
135,Fairfax,amplifiesdisadvantagedvoice,0.5
135,Fairfax,dispargesdisadvantaged,0
135,Fairfax,recognisesintersectionality,1
135,Fairfax,provideshumanexamples,0
135,Fairfax,focusesonsolutions,1
136,Fairfax,amplifiesdisadvantagedvoice,0.833333333
136,Fairfax,dispargesdisadvantaged,0
136,Fairfax,recognisesintersectionality,0
136,Fairfax,provideshumanexamples,0.5
136,Fairfax,focusesonsolutions,0.666666667
137,Fairfax,amplifiesdisadvantagedvoice,0.5
137,Fairfax,dispargesdisadvantaged,0
137,Fairfax,recognisesintersectionality,1
137,Fairfax,provideshumanexamples,1
137,Fairfax,focusesonsolutions,1
138,Fairfax,amplifiesdisadvantagedvoice,0.5
138,Fairfax,dispargesdisadvantaged,0
138,Fairfax,recognisesintersectionality,1
138,Fairfax,provideshumanexamples,0
138,Fairfax,focusesonsolutions,0.333333333
139,Fairfax,amplifiesdisadvantagedvoice,0.833333333
139,Fairfax,dispargesdisadvantaged,0
139,Fairfax,recognisesintersectionality,1
139,Fairfax,provideshumanexamples,0
139,Fairfax,focusesonsolutions,1
140,Fairfax,amplifiesdisadvantagedvoice,0.666666667
140,Fairfax,dispargesdisadvantaged,0
140,Fairfax,recognisesintersectionality,0
140,Fairfax,provideshumanexamples,0
140,Fairfax,focusesonsolutions,0.666666667
141,Fairfax,amplifiesdisadvantagedvoice,0.833333333
141,Fairfax,dispargesdisadvantaged,0
141,Fairfax,recognisesintersectionality,1
141,Fairfax,provideshumanexamples,1
141,Fairfax,focusesonsolutions,1
142,Fairfax,amplifiesdisadvantagedvoice,0.666666667
142,Fairfax,dispargesdisadvantaged,0
142,Fairfax,recognisesintersectionality,0
142,Fairfax,provideshumanexamples,0.5
142,Fairfax,focusesonsolutions,0.666666667
143,Fairfax,amplifiesdisadvantagedvoice,0.666666667
143,Fairfax,dispargesdisadvantaged,0
143,Fairfax,recognisesintersectionality,0
143,Fairfax,provideshumanexamples,0.5
143,Fairfax,focusesonsolutions,0.333333333
144,Fairfax,amplifiesdisadvantagedvoice,1
144,Fairfax,dispargesdisadvantaged,0
144,Fairfax,recognisesintersectionality,0.5
144,Fairfax,provideshumanexamples,0.5
144,Fairfax,focusesonsolutions,0.666666667
145,Fairfax,amplifiesdisadvantagedvoice,1
145,Fairfax,dispargesdisadvantaged,0
145,Fairfax,recognisesintersectionality,0
145,Fairfax,provideshumanexamples,0.5
145,Fairfax,focusesonsolutions,0.333333333
146,Fairfax,amplifiesdisadvantagedvoice,0.833333333
146,Fairfax,dispargesdisadvantaged,0.5
146,Fairfax,recognisesintersectionality,1
146,Fairfax,provideshumanexamples,0.5
146,Fairfax,focusesonsolutions,0.666666667
147,Fairfax,amplifiesdisadvantagedvoice,0.833333333
147,Fairfax,dispargesdisadvantaged,0
147,Fairfax,recognisesintersectionality,1
147,Fairfax,provideshumanexamples,0.5
147,Fairfax,focusesonsolutions,1
148,Fairfax,amplifiesdisadvantagedvoice,0.833333333
148,Fairfax,dispargesdisadvantaged,0
148,Fairfax,recognisesintersectionality,0
148,Fairfax,provideshumanexamples,0.5
148,Fairfax,focusesonsolutions,1
149,Fairfax,amplifiesdisadvantagedvoice,0.833333333
149,Fairfax,dispargesdisadvantaged,0
149,Fairfax,recognisesintersectionality,0.5
149,Fairfax,provideshumanexamples,1
149,Fairfax,focusesonsolutions,0.666666667
150,Fairfax,amplifiesdisadvantagedvoice,0.833333333
150,Fairfax,dispargesdisadvantaged,0
150,Fairfax,recognisesintersectionality,0
150,Fairfax,provideshumanexamples,0.5
150,Fairfax,focusesonsolutions,0.333333333
151,Others,amplifiesdisadvantagedvoice,0.166666667
151,Others,dispargesdisadvantaged,0
151,Others,recognisesintersectionality,1
151,Others,provideshumanexamples,0
151,Others,focusesonsolutions,1
152,Others,amplifiesdisadvantagedvoice,0
152,Others,dispargesdisadvantaged,0
152,Others,recognisesintersectionality,1
152,Others,provideshumanexamples,0
152,Others,focusesonsolutions,0.666666667
153,Others,amplifiesdisadvantagedvoice,0.833333333
153,Others,dispargesdisadvantaged,0
153,Others,recognisesintersectionality,0
153,Others,provideshumanexamples,0.5
153,Others,focusesonsolutions,1
154,Others,amplifiesdisadvantagedvoice,1
154,Others,dispargesdisadvantaged,0
154,Others,recognisesintersectionality,0
154,Others,provideshumanexamples,0.5
154,Others,focusesonsolutions,1
155,Others,amplifiesdisadvantagedvoice,0
155,Others,dispargesdisadvantaged,0
155,Others,recognisesintersectionality,1
155,Others,provideshumanexamples,0
155,Others,focusesonsolutions,0.333333333
156,Others,amplifiesdisadvantagedvoice,1
156,Others,dispargesdisadvantaged,0
156,Others,recognisesintersectionality,1
156,Others,provideshumanexamples,0.5
156,Others,focusesonsolutions,1
157,Others,amplifiesdisadvantagedvoice,0.833333333
157,Others,dispargesdisadvantaged,0
157,Others,recognisesintersectionality,0
157,Others,provideshumanexamples,0
157,Others,focusesonsolutions,0.333333333
158,Others,amplifiesdisadvantagedvoice,0.333333333
158,Others,dispargesdisadvantaged,0
158,Others,recognisesintersectionality,0
158,Others,provideshumanexamples,0
158,Others,focusesonsolutions,0.666666667
159,Others,amplifiesdisadvantagedvoice,0.666666667
159,Others,dispargesdisadvantaged,0
159,Others,recognisesintersectionality,0.5
159,Others,provideshumanexamples,0
159,Others,focusesonsolutions,1
160,Others,amplifiesdisadvantagedvoice,0.6
160,Others,dispargesdisadvantaged,0
160,Others,recognisesintersectionality,1
160,Others,provideshumanexamples,0
160,Others,focusesonsolutions,0.666666667
161,Others,amplifiesdisadvantagedvoice,0.333333333
161,Others,dispargesdisadvantaged,0
161,Others,recognisesintersectionality,1
161,Others,provideshumanexamples,0
161,Others,focusesonsolutions,0.333333333
162,Others,amplifiesdisadvantagedvoice,0.166666667
162,Others,dispargesdisadvantaged,0
162,Others,recognisesintersectionality,1
162,Others,provideshumanexamples,1
162,Others,focusesonsolutions,0.333333333
163,Others,amplifiesdisadvantagedvoice,0
163,Others,dispargesdisadvantaged,0
163,Others,recognisesintersectionality,0.5
163,Others,provideshumanexamples,0
163,Others,focusesonsolutions,0.666666667
164,Others,amplifiesdisadvantagedvoice,0.833333333
164,Others,dispargesdisadvantaged,0
164,Others,recognisesintersectionality,1
164,Others,provideshumanexamples,0.5
164,Others,focusesonsolutions,1
165,Others,amplifiesdisadvantagedvoice,1
165,Others,dispargesdisadvantaged,0
165,Others,recognisesintersectionality,0
165,Others,provideshumanexamples,0.5
165,Others,focusesonsolutions,0.666666667
166,News,amplifiesdisadvantagedvoice,0.333333333
166,News,dispargesdisadvantaged,0
166,News,recognisesintersectionality,0
166,News,provideshumanexamples,0
166,News,focusesonsolutions,0.666666667
167,News,amplifiesdisadvantagedvoice,0.333333333
167,News,dispargesdisadvantaged,0
167,News,recognisesintersectionality,0.5
167,News,provideshumanexamples,0
167,News,focusesonsolutions,0
168,News,amplifiesdisadvantagedvoice,0.166666667
168,News,dispargesdisadvantaged,0
168,News,recognisesintersectionality,0
168,News,provideshumanexamples,0
168,News,focusesonsolutions,1
169,News,amplifiesdisadvantagedvoice,0
169,News,dispargesdisadvantaged,0
169,News,recognisesintersectionality,1
169,News,provideshumanexamples,1
169,News,focusesonsolutions,0.333333333
170,News,amplifiesdisadvantagedvoice,0
170,News,dispargesdisadvantaged,0
170,News,recognisesintersectionality,0.5
170,News,provideshumanexamples,0
170,News,focusesonsolutions,0.666666667
171,News,amplifiesdisadvantagedvoice,0.666666667
171,News,dispargesdisadvantaged,0
171,News,recognisesintersectionality,0
171,News,provideshumanexamples,1
171,News,focusesonsolutions,0.333333333
172,News,amplifiesdisadvantagedvoice,0
172,News,dispargesdisadvantaged,0
172,News,recognisesintersectionality,0.5
172,News,provideshumanexamples,0
172,News,focusesonsolutions,0.333333333
173,News,amplifiesdisadvantagedvoice,0.833333333
173,News,dispargesdisadvantaged,0
173,News,recognisesintersectionality,0
173,News,provideshumanexamples,1
173,News,focusesonsolutions,0.333333333
174,News,amplifiesdisadvantagedvoice,0.5
174,News,dispargesdisadvantaged,0
174,News,recognisesintersectionality,0
174,News,provideshumanexamples,0.5
174,News,focusesonsolutions,0.666666667
175,News,amplifiesdisadvantagedvoice,0.166666667
175,News,dispargesdisadvantaged,0
175,News,recognisesintersectionality,0
175,News,provideshumanexamples,0
175,News,focusesonsolutions,0.666666667
176,News,amplifiesdisadvantagedvoice,0.2
176,News,dispargesdisadvantaged,0
176,News,recognisesintersectionality,0
176,News,provideshumanexamples,0
176,News,focusesonsolutions,1
177,News,amplifiesdisadvantagedvoice,0.333333333
177,News,dispargesdisadvantaged,0
177,News,recognisesintersectionality,0
177,News,provideshumanexamples,0
177,News,focusesonsolutions,0.333333333
178,News,amplifiesdisadvantagedvoice,0
178,News,dispargesdisadvantaged,0
178,News,recognisesintersectionality,0
178,News,provideshumanexamples,0
178,News,focusesonsolutions,0.666666667
179,News,amplifiesdisadvantagedvoice,0.666666667
179,News,dispargesdisadvantaged,0
179,News,recognisesintersectionality,0
179,News,provideshumanexamples,0.5
179,News,focusesonsolutions,0
180,News,amplifiesdisadvantagedvoice,0
180,News,dispargesdisadvantaged,0
180,News,recognisesintersectionality,0.5
180,News,provideshumanexamples,0
180,News,focusesonsolutions,0.333333333
181,News,amplifiesdisadvantagedvoice,0.166666667
181,News,dispargesdisadvantaged,0
181,News,recognisesintersectionality,0
181,News,provideshumanexamples,0
181,News,focusesonsolutions,0.5
182,News,amplifiesdisadvantagedvoice,0.166666667
182,News,dispargesdisadvantaged,0
182,News,recognisesintersectionality,1
182,News,provideshumanexamples,0
182,News,focusesonsolutions,1
183,News,amplifiesdisadvantagedvoice,0.5
183,News,dispargesdisadvantaged,0
183,News,recognisesintersectionality,1
183,News,provideshumanexamples,0.5
183,News,focusesonsolutions,0.666666667
184,News,amplifiesdisadvantagedvoice,0
184,News,dispargesdisadvantaged,0
184,News,recognisesintersectionality,0.5
184,News,provideshumanexamples,0
184,News,focusesonsolutions,1
185,News,amplifiesdisadvantagedvoice,0.166666667
185,News,dispargesdisadvantaged,0
185,News,recognisesintersectionality,0
185,News,provideshumanexamples,0.5
185,News,focusesonsolutions,1
186,News,amplifiesdisadvantagedvoice,0.166666667
186,News,dispargesdisadvantaged,0
186,News,recognisesintersectionality,0
186,News,provideshumanexamples,0
186,News,focusesonsolutions,0.666666667
187,News,amplifiesdisadvantagedvoice,0.166666667
187,News,dispargesdisadvantaged,0
187,News,recognisesintersectionality,0
187,News,provideshumanexamples,0
187,News,focusesonsolutions,0.333333333
188,News,amplifiesdisadvantagedvoice,1
188,News,dispargesdisadvantaged,0
188,News,recognisesintersectionality,0
188,News,provideshumanexamples,1
188,News,focusesonsolutions,0
189,News,amplifiesdisadvantagedvoice,0.166666667
189,News,dispargesdisadvantaged,0
189,News,recognisesintersectionality,0
189,News,provideshumanexamples,0
189,News,focusesonsolutions,0.333333333
190,News,amplifiesdisadvantagedvoice,0
190,News,dispargesdisadvantaged,0
190,News,recognisesintersectionality,0
190,News,provideshumanexamples,0.5
190,News,focusesonsolutions,0.666666667
191,News,amplifiesdisadvantagedvoice,0
191,News,dispargesdisadvantaged,0
191,News,recognisesintersectionality,0
191,News,provideshumanexamples,0.5
191,News,focusesonsolutions,0.666666667
192,News,amplifiesdisadvantagedvoice,0.333333333
192,News,dispargesdisadvantaged,0
192,News,recognisesintersectionality,0
192,News,provideshumanexamples,0.5
192,News,focusesonsolutions,0.333333333
193,News,amplifiesdisadvantagedvoice,0
193,News,dispargesdisadvantaged,0
193,News,recognisesintersectionality,0
193,News,provideshumanexamples,1
193,News,focusesonsolutions,0.666666667
194,News,amplifiesdisadvantagedvoice,0
194,News,dispargesdisadvantaged,0
194,News,recognisesintersectionality,0
194,News,provideshumanexamples,1
194,News,focusesonsolutions,0
195,News,amplifiesdisadvantagedvoice,0
195,News,dispargesdisadvantaged,0
195,News,recognisesintersectionality,0
195,News,provideshumanexamples,0
195,News,focusesonsolutions,0.333333333
196,News,amplifiesdisadvantagedvoice,0.5
196,News,dispargesdisadvantaged,0
196,News,recognisesintersectionality,0
196,News,provideshumanexamples,0.5
196,News,focusesonsolutions,1
197,News,amplifiesdisadvantagedvoice,0
197,News,dispargesdisadvantaged,0
197,News,recognisesintersectionality,0
197,News,provideshumanexamples,0
197,News,focusesonsolutions,1
198,News,amplifiesdisadvantagedvoice,0.666666667
198,News,dispargesdisadvantaged,1
198,News,recognisesintersectionality,0
198,News,provideshumanexamples,0
198,News,focusesonsolutions,0.333333333
199,News,amplifiesdisadvantagedvoice,0.333333333
199,News,dispargesdisadvantaged,0
199,News,recognisesintersectionality,1
199,News,provideshumanexamples,0.5
199,News,focusesonsolutions,1
200,News,amplifiesdisadvantagedvoice,0.333333333
200,News,dispargesdisadvantaged,0
200,News,recognisesintersectionality,0.5
200,News,provideshumanexamples,0.5
200,News,focusesonsolutions,1
201,News,amplifiesdisadvantagedvoice,0.5
201,News,dispargesdisadvantaged,0
201,News,recognisesintersectionality,0
201,News,provideshumanexamples,1
201,News,focusesonsolutions,0.666666667
202,News,amplifiesdisadvantagedvoice,0
202,News,dispargesdisadvantaged,0
202,News,recognisesintersectionality,0
202,News,provideshumanexamples,0
202,News,focusesonsolutions,1
203,News,amplifiesdisadvantagedvoice,0.833333333
203,News,dispargesdisadvantaged,0
203,News,recognisesintersectionality,0
203,News,provideshumanexamples,0.5
203,News,focusesonsolutions,0
204,News,amplifiesdisadvantagedvoice,0.833333333
204,News,dispargesdisadvantaged,0
204,News,recognisesintersectionality,0
204,News,provideshumanexamples,0
204,News,focusesonsolutions,0.333333333
205,News,amplifiesdisadvantagedvoice,0.666666667
205,News,dispargesdisadvantaged,1
205,News,recognisesintersectionality,0
205,News,provideshumanexamples,0
205,News,focusesonsolutions,0.333333333
206,News,amplifiesdisadvantagedvoice,1
206,News,dispargesdisadvantaged,0.5
206,News,recognisesintersectionality,1
206,News,provideshumanexamples,1
206,News,focusesonsolutions,0.666666667
207,News,amplifiesdisadvantagedvoice,0.5
207,News,dispargesdisadvantaged,0.5
207,News,recognisesintersectionality,0
207,News,provideshumanexamples,0
207,News,focusesonsolutions,0.333333333
208,News,amplifiesdisadvantagedvoice,0
208,News,dispargesdisadvantaged,0
208,News,recognisesintersectionality,0
208,News,provideshumanexamples,0
208,News,focusesonsolutions,0
209,News,amplifiesdisadvantagedvoice,1
209,News,dispargesdisadvantaged,0
209,News,recognisesintersectionality,1
209,News,provideshumanexamples,1
209,News,focusesonsolutions,0.666666667
210,News,amplifiesdisadvantagedvoice,0.166666667
210,News,dispargesdisadvantaged,0.5
210,News,recognisesintersectionality,0
210,News,provideshumanexamples,0
210,News,focusesonsolutions,0.333333333
211,News,amplifiesdisadvantagedvoice,0
211,News,dispargesdisadvantaged,0
211,News,recognisesintersectionality,0.5
211,News,provideshumanexamples,0.5
211,News,focusesonsolutions,0.666666667
212,News,amplifiesdisadvantagedvoice,0
212,News,dispargesdisadvantaged,1
212,News,recognisesintersectionality,0.5
212,News,provideshumanexamples,0
212,News,focusesonsolutions,1
213,News,amplifiesdisadvantagedvoice,1
213,News,dispargesdisadvantaged,0.5
213,News,recognisesintersectionality,1
213,News,provideshumanexamples,0
213,News,focusesonsolutions,0.666666667
214,News,amplifiesdisadvantagedvoice,1
214,News,dispargesdisadvantaged,0
214,News,recognisesintersectionality,0
214,News,provideshumanexamples,0
214,News,focusesonsolutions,1
215,News,amplifiesdisadvantagedvoice,0.333333333
215,News,dispargesdisadvantaged,1
215,News,recognisesintersectionality,0
215,News,provideshumanexamples,0
215,News,focusesonsolutions,0.333333333
216,News,amplifiesdisadvantagedvoice,0
216,News,dispargesdisadvantaged,0.5
216,News,recognisesintersectionality,0
216,News,provideshumanexamples,0
216,News,focusesonsolutions,0
217,News,amplifiesdisadvantagedvoice,0
217,News,dispargesdisadvantaged,1
217,News,recognisesintersectionality,0.5
217,News,provideshumanexamples,0
217,News,focusesonsolutions,0
218,News,amplifiesdisadvantagedvoice,0
218,News,dispargesdisadvantaged,0
218,News,recognisesintersectionality,1
218,News,provideshumanexamples,0
218,News,focusesonsolutions,1
219,News,amplifiesdisadvantagedvoice,0.333333333
219,News,dispargesdisadvantaged,0
219,News,recognisesintersectionality,1
219,News,provideshumanexamples,0
219,News,focusesonsolutions,1
220,News,amplifiesdisadvantagedvoice,0.75
220,News,dispargesdisadvantaged,0
220,News,recognisesintersectionality,0.5
220,News,provideshumanexamples,0.5
220,News,focusesonsolutions,1
221,News,amplifiesdisadvantagedvoice,0.166666667
221,News,dispargesdisadvantaged,0
221,News,recognisesintersectionality,1
221,News,provideshumanexamples,1
221,News,focusesonsolutions,0.666666667
222,News,amplifiesdisadvantagedvoice,0.166666667
222,News,dispargesdisadvantaged,0
222,News,recognisesintersectionality,0.5
222,News,provideshumanexamples,0
222,News,focusesonsolutions,1
223,News,amplifiesdisadvantagedvoice,0.5
223,News,dispargesdisadvantaged,0
223,News,recognisesintersectionality,0
223,News,provideshumanexamples,0
223,News,focusesonsolutions,0
224,News,amplifiesdisadvantagedvoice,0.666666667
224,News,dispargesdisadvantaged,0
224,News,recognisesintersectionality,0
224,News,provideshumanexamples,0
224,News,focusesonsolutions,0
225,News,amplifiesdisadvantagedvoice,1
225,News,dispargesdisadvantaged,1
225,News,recognisesintersectionality,0.5
225,News,provideshumanexamples,1
225,News,focusesonsolutions,1
226,News,amplifiesdisadvantagedvoice,1
226,News,dispargesdisadvantaged,0
226,News,recognisesintersectionality,1
226,News,provideshumanexamples,1
226,News,focusesonsolutions,0.666666667
227,News,amplifiesdisadvantagedvoice,0.5
227,News,dispargesdisadvantaged,1
227,News,recognisesintersectionality,0.5
227,News,provideshumanexamples,1
227,News,focusesonsolutions,0.333333333
228,News,amplifiesdisadvantagedvoice,0.166666667
228,News,dispargesdisadvantaged,0
228,News,recognisesintersectionality,0
228,News,provideshumanexamples,0
228,News,focusesonsolutions,1
229,News,amplifiesdisadvantagedvoice,0.333333333
229,News,dispargesdisadvantaged,0
229,News,recognisesintersectionality,0
229,News,provideshumanexamples,0
229,News,focusesonsolutions,0.666666667
230,News,amplifiesdisadvantagedvoice,0.833333333
230,News,dispargesdisadvantaged,0
230,News,recognisesintersectionality,0
230,News,provideshumanexamples,0.5
230,News,focusesonsolutions,1
231,News,amplifiesdisadvantagedvoice,0.5
231,News,dispargesdisadvantaged,0.5
231,News,recognisesintersectionality,1
231,News,provideshumanexamples,0
231,News,focusesonsolutions,1
232,Others,amplifiesdisadvantagedvoice,0.5
232,Others,dispargesdisadvantaged,0.5
232,Others,recognisesintersectionality,0
232,Others,provideshumanexamples,0.5
232,Others,focusesonsolutions,0.333333333
233,News,amplifiesdisadvantagedvoice,0
233,News,dispargesdisadvantaged,1
233,News,recognisesintersectionality,0.5
233,News,provideshumanexamples,0
233,News,focusesonsolutions,0
234,Fairfax,amplifiesdisadvantagedvoice,0.666666667
234,Fairfax,dispargesdisadvantaged,1
234,Fairfax,recognisesintersectionality,0
234,Fairfax,provideshumanexamples,0
234,Fairfax,focusesonsolutions,0.333333333
235,Fairfax,amplifiesdisadvantagedvoice,1
235,Fairfax,dispargesdisadvantaged,0
235,Fairfax,recognisesintersectionality,0.5
235,Fairfax,provideshumanexamples,0.5
235,Fairfax,focusesonsolutions,1
236,News,amplifiesdisadvantagedvoice,0.5
236,News,dispargesdisadvantaged,1
236,News,recognisesintersectionality,0.5
236,News,provideshumanexamples,0
236,News,focusesonsolutions,0
237,News,amplifiesdisadvantagedvoice,0.666666667
237,News,dispargesdisadvantaged,0
237,News,recognisesintersectionality,0.5
237,News,provideshumanexamples,0
237,News,focusesonsolutions,0.333333333
238,News,amplifiesdisadvantagedvoice,0
238,News,dispargesdisadvantaged,0
238,News,recognisesintersectionality,0.5
238,News,provideshumanexamples,0
238,News,focusesonsolutions,0.333333333
239,News,amplifiesdisadvantagedvoice,0.5
239,News,dispargesdisadvantaged,1
239,News,recognisesintersectionality,0
239,News,provideshumanexamples,0.5
239,News,focusesonsolutions,1
240,Fairfax,amplifiesdisadvantagedvoice,0
240,Fairfax,dispargesdisadvantaged,0
240,Fairfax,recognisesintersectionality,0.5
240,Fairfax,provideshumanexamples,0.5
240,Fairfax,focusesonsolutions,0.333333333
241,Fairfax,amplifiesdisadvantagedvoice,1
241,Fairfax,dispargesdisadvantaged,0
241,Fairfax,recognisesintersectionality,1
241,Fairfax,provideshumanexamples,1
241,Fairfax,focusesonsolutions,0.666666667
242,Fairfax,amplifiesdisadvantagedvoice,1
242,Fairfax,dispargesdisadvantaged,0
242,Fairfax,recognisesintersectionality,0.5
242,Fairfax,provideshumanexamples,0.5
242,Fairfax,focusesonsolutions,0.333333333
243,Others,amplifiesdisadvantagedvoice,0.333333333
243,Others,dispargesdisadvantaged,0
243,Others,recognisesintersectionality,0
243,Others,provideshumanexamples,0.5
243,Others,focusesonsolutions,0.333333333
244,News,amplifiesdisadvantagedvoice,0.166666667
244,News,dispargesdisadvantaged,0.5
244,News,recognisesintersectionality,0
244,News,provideshumanexamples,0
244,News,focusesonsolutions,0.666666667
245,News,amplifiesdisadvantagedvoice,0.333333333
245,News,dispargesdisadvantaged,0.5
245,News,recognisesintersectionality,0.5
245,News,provideshumanexamples,0
245,News,focusesonsolutions,0.333333333
246,News,amplifiesdisadvantagedvoice,0.5
246,News,dispargesdisadvantaged,0.5
246,News,recognisesintersectionality,0.5
246,News,provideshumanexamples,0
246,News,focusesonsolutions,1
247,News,amplifiesdisadvantagedvoice,0.333333333
247,News,dispargesdisadvantaged,0
247,News,recognisesintersectionality,0.5
247,News,provideshumanexamples,0
247,News,focusesonsolutions,0
248,Fairfax,amplifiesdisadvantagedvoice,0.166666667
248,Fairfax,dispargesdisadvantaged,0.5
248,Fairfax,recognisesintersectionality,1
248,Fairfax,provideshumanexamples,0
248,Fairfax,focusesonsolutions,1
249,Fairfax,amplifiesdisadvantagedvoice,0.5
249,Fairfax,dispargesdisadvantaged,0
249,Fairfax,recognisesintersectionality,1
249,Fairfax,provideshumanexamples,1
249,Fairfax,focusesonsolutions,0
250,Fairfax,amplifiesdisadvantagedvoice,0.666666667
250,Fairfax,dispargesdisadvantaged,0.5
250,Fairfax,recognisesintersectionality,0.5
250,Fairfax,provideshumanexamples,1
250,Fairfax,focusesonsolutions,0.333333333
251,Fairfax,amplifiesdisadvantagedvoice,0.5
251,Fairfax,dispargesdisadvantaged,0
251,Fairfax,recognisesintersectionality,0.5
251,Fairfax,provideshumanexamples,0
251,Fairfax,focusesonsolutions,0.333333333
252,Others,amplifiesdisadvantagedvoice,0.833333333
252,Others,dispargesdisadvantaged,0
252,Others,recognisesintersectionality,1
252,Others,provideshumanexamples,0.5
252,Others,focusesonsolutions,0.666666667
253,News,amplifiesdisadvantagedvoice,0.666666667
253,News,dispargesdisadvantaged,1
253,News,recognisesintersectionality,0.5
253,News,provideshumanexamples,0.5
253,News,focusesonsolutions,0.333333333
254,Fairfax,amplifiesdisadvantagedvoice,0
254,Fairfax,dispargesdisadvantaged,0
254,Fairfax,recognisesintersectionality,0.5
254,Fairfax,provideshumanexamples,0
254,Fairfax,focusesonsolutions,0.333333333
255,Fairfax,amplifiesdisadvantagedvoice,0
255,Fairfax,dispargesdisadvantaged,0
255,Fairfax,recognisesintersectionality,0.5
255,Fairfax,provideshumanexamples,0
255,Fairfax,focusesonsolutions,0